dataset,mode,sample_order,dataset_index,label,valid,conflict,cosine,adverse_alignment,dot,norm_completion,norm_classification,norm_ratio_cls_to_comp,support_overlap,active_numel_completion,active_numel_classification,active_numel_union,active_numel_overlap,loss_completion,loss_classification_raw,loss_classification_weighted
ShapeNet55,NO_BRIDGE,0,1,34,True,False,0.0,0.0,0.0,177.26097106933594,8.795819282531738,0.04962073266506195,0.0,606400,68864,675264,0,5.282185077667236,0.6442340612411499,0.2576936185359955
ShapeNet55,NO_BRIDGE,1,10,23,True,False,0.0,0.0,0.0,893.9937133789062,3.9635872840881348,0.00443357415497303,0.0,606400,68864,675264,0,17.84596061706543,0.11826389282941818,0.04730555787682533
ShapeNet55,NO_BRIDGE,2,11,48,True,False,0.0,0.0,0.0,324.9741516113281,21.23252296447754,0.06533603370189667,0.0,606400,68864,675264,0,12.881099700927734,1.314440369606018,0.5257761478424072
ShapeNet55,NO_BRIDGE,3,14,27,True,False,0.0,0.0,0.0,295.8226318359375,3.764256477355957,0.012724707834422588,0.0,606400,68864,675264,0,24.243526458740234,0.139493927359581,0.05579757317900658
ShapeNet55,NO_BRIDGE,4,17,23,True,False,0.0,0.0,0.0,84.27005004882812,58.00737762451172,0.688351035118103,0.0,606400,68864,675264,0,11.785569190979004,7.677446365356445,3.0709786415100098
ShapeNet55,NO_BRIDGE,5,38,42,True,False,0.0,0.0,0.0,179.68157958984375,19.413183212280273,0.1080421432852745,0.0,606400,68864,675264,0,12.538969039916992,2.810105800628662,1.1240423917770386
ShapeNet55,NO_BRIDGE,6,43,51,True,False,0.0,0.0,0.0,181.0684051513672,13.989644050598145,0.07726164907217026,0.0,606400,68864,675264,0,10.89106273651123,3.8445663452148438,1.5378265380859375
ShapeNet55,NO_BRIDGE,7,45,17,True,False,0.0,0.0,0.0,41.45158004760742,4.684329032897949,0.11300724744796753,0.0,606400,68864,675264,0,5.122360706329346,0.9186487197875977,0.3674595057964325
ShapeNet55,NO_BRIDGE,8,95,15,True,False,0.0,0.0,0.0,212.74403381347656,2.2183990478515625,0.010427550412714481,0.0,606400,68864,675264,0,14.810990333557129,0.08179523795843124,0.03271809592843056
ShapeNet55,NO_BRIDGE,9,100,27,True,False,0.0,0.0,0.0,421.7127990722656,32.8828125,0.07797442376613617,0.0,606400,68864,675264,0,29.220911026000977,2.2271080017089844,0.8908432126045227
ShapeNet55,NO_BRIDGE,10,101,51,True,False,0.0,0.0,0.0,170.85360717773438,12.685406684875488,0.07424722611904144,0.0,606400,68864,675264,0,12.317588806152344,3.0335826873779297,1.2134331464767456
ShapeNet55,NO_BRIDGE,11,109,12,True,False,0.0,0.0,0.0,136.35162353515625,7.541327953338623,0.05530794337391853,0.0,606400,68864,675264,0,11.090807914733887,0.3214733600616455,0.12858934700489044
ShapeNet55,NO_BRIDGE,12,138,52,True,False,0.0,0.0,0.0,206.1825408935547,34.472572326660156,0.1671944260597229,0.0,606400,68864,675264,0,12.564346313476562,4.740345478057861,1.8961381912231445
ShapeNet55,NO_BRIDGE,13,167,14,True,False,0.0,0.0,0.0,208.704833984375,12.206250190734863,0.05848570913076401,0.0,606400,68864,675264,0,15.53060531616211,0.5036365985870361,0.20145463943481445
ShapeNet55,NO_BRIDGE,14,212,14,True,False,0.0,0.0,0.0,103.43267822265625,16.097537994384766,0.15563300251960754,0.0,606400,68864,675264,0,12.226323127746582,0.6849361658096313,0.2739744782447815
ShapeNet55,NO_BRIDGE,15,216,26,True,False,0.0,0.0,0.0,313.1940002441406,1.2556407451629639,0.004009146708995104,0.0,606400,68864,675264,0,6.071810722351074,0.0367351695895195,0.014694067649543285
ShapeNet55,NO_BRIDGE,16,251,52,True,False,0.0,0.0,0.0,49.68562698364258,13.159404754638672,0.2648533582687378,0.0,606400,68864,675264,0,6.068093299865723,0.5492079854011536,0.2196832001209259
ShapeNet55,NO_BRIDGE,17,349,13,True,False,0.0,0.0,0.0,255.62232971191406,32.714576721191406,0.12798012793064117,0.0,606400,68864,675264,0,18.654809951782227,3.3866684436798096,1.3546674251556396
ShapeNet55,NO_BRIDGE,18,369,14,True,False,0.0,0.0,0.0,222.38002014160156,22.231258392333984,0.09996967762708664,0.0,606400,68864,675264,0,10.215407371520996,1.2751977443695068,0.5100790858268738
ShapeNet55,NO_BRIDGE,19,381,12,True,False,0.0,0.0,0.0,144.46551513671875,17.892654418945312,0.1238541528582573,0.0,606400,68864,675264,0,13.246452331542969,0.8896470665931702,0.35585883259773254
ShapeNet55,NO_BRIDGE,20,472,45,True,False,0.0,0.0,0.0,16.252206802368164,1.0269649028778076,0.06318926066160202,0.0,606400,68864,675264,0,1.4131367206573486,0.03629818931221962,0.014519276097416878
ShapeNet55,NO_BRIDGE,21,505,47,True,False,0.0,0.0,0.0,55.256107330322266,3.733116388320923,0.06756024807691574,0.0,606400,68864,675264,0,11.992534637451172,0.08577769249677658,0.03431107848882675
ShapeNet55,NO_BRIDGE,22,540,52,True,False,0.0,0.0,0.0,167.73599243164062,25.728450775146484,0.15338657796382904,0.0,606400,68864,675264,0,16.82057762145996,1.4133267402648926,0.5653306841850281
ShapeNet55,NO_BRIDGE,23,558,8,True,False,0.0,0.0,0.0,78.54393005371094,39.72581481933594,0.5057783126831055,0.0,606400,68864,675264,0,13.765932083129883,3.6982545852661133,1.4793018102645874
ShapeNet55,NO_BRIDGE,24,594,54,True,False,0.0,0.0,0.0,126.53070068359375,17.50670051574707,0.13835930824279785,0.0,606400,68864,675264,0,15.507966041564941,1.4692561626434326,0.5877024531364441
ShapeNet55,NO_BRIDGE,25,644,42,True,False,0.0,0.0,0.0,136.2212371826172,32.1373176574707,0.2359200268983841,0.0,606400,68864,675264,0,14.816912651062012,3.514497995376587,1.4057992696762085
ShapeNet55,NO_BRIDGE,26,727,31,True,False,0.0,0.0,0.0,124.70574188232422,0.8609815239906311,0.006904104724526405,0.0,606400,68864,675264,0,7.839927673339844,0.019477184861898422,0.007790874224156141
ShapeNet55,NO_BRIDGE,27,795,22,True,False,0.0,0.0,0.0,98.22665405273438,33.83824920654297,0.34449151158332825,0.0,606400,68864,675264,0,8.664608001708984,1.8421804904937744,0.7368721961975098
ShapeNet55,NO_BRIDGE,28,844,50,True,False,0.0,0.0,0.0,39.82206344604492,12.83812141418457,0.322387158870697,0.0,606400,68864,675264,0,5.174271583557129,0.9049222469329834,0.36196890473365784
ShapeNet55,NO_BRIDGE,29,883,9,True,False,0.0,0.0,0.0,316.6690673828125,11.594011306762695,0.03661239147186279,0.0,606400,68864,675264,0,11.330633163452148,0.7925429940223694,0.31701719760894775
ShapeNet55,NO_BRIDGE,30,898,31,True,False,0.0,0.0,0.0,278.7485656738281,42.441593170166016,0.15225762128829956,0.0,606400,68864,675264,0,10.926203727722168,1.2539596557617188,0.5015838742256165
ShapeNet55,NO_BRIDGE,31,932,9,True,False,0.0,0.0,0.0,320.5490417480469,6.704013824462891,0.02091415971517563,0.0,606400,68864,675264,0,11.815178871154785,0.35061973333358765,0.1402478963136673
ShapeNet55,NO_BRIDGE,32,934,36,True,False,0.0,0.0,0.0,254.96853637695312,20.618003845214844,0.08086489140987396,0.0,606400,68864,675264,0,13.120614051818848,0.3487272262573242,0.13949088752269745
ShapeNet55,NO_BRIDGE,33,939,37,True,False,0.0,0.0,0.0,179.36697387695312,0.2713964581489563,0.0015130792744457722,0.0,606400,68864,675264,0,16.3299617767334,0.007657105103135109,0.0030628421809524298
ShapeNet55,NO_BRIDGE,34,954,49,True,False,0.0,0.0,0.0,215.4794464111328,2.5573465824127197,0.011868169531226158,0.0,606400,68864,675264,0,14.93706226348877,0.060378093272447586,0.024151237681508064
ShapeNet55,NO_BRIDGE,35,955,5,True,False,0.0,0.0,0.0,114.8782730102539,20.2955379486084,0.17666994035243988,0.0,606400,68864,675264,0,10.163525581359863,0.7469876408576965,0.29879507422447205
ShapeNet55,NO_BRIDGE,36,973,5,True,False,0.0,0.0,0.0,177.5509796142578,23.203676223754883,0.1306874006986618,0.0,606400,68864,675264,0,12.484624862670898,1.2842662334442139,0.5137065052986145
ShapeNet55,NO_BRIDGE,37,1003,15,True,False,0.0,0.0,0.0,394.5874328613281,2.0965120792388916,0.005313174799084663,0.0,606400,68864,675264,0,14.229083061218262,0.07784724980592728,0.03113890066742897
ShapeNet55,NO_BRIDGE,38,1058,45,True,False,0.0,0.0,0.0,115.7770004272461,2.7543253898620605,0.023789918050169945,0.0,606400,68864,675264,0,1.754534363746643,0.0847928449511528,0.0339171402156353
ShapeNet55,NO_BRIDGE,39,1151,39,True,False,0.0,0.0,0.0,56.07693099975586,0.21898142993450165,0.0039050180930644274,0.0,606400,68864,675264,0,7.615389347076416,0.004302531015127897,0.001721012406051159
ShapeNet55,NO_BRIDGE,40,1162,11,True,False,0.0,0.0,0.0,107.80135345458984,54.92408752441406,0.5094934701919556,0.0,606400,68864,675264,0,14.928537368774414,7.684791088104248,3.073916435241699
ShapeNet55,NO_BRIDGE,41,1186,24,True,False,0.0,0.0,0.0,1104.66796875,16.539079666137695,0.014971992000937462,0.0,606400,68864,675264,0,28.991466522216797,0.8527666330337524,0.341106653213501
ShapeNet55,NO_BRIDGE,42,1226,12,True,False,0.0,0.0,0.0,39.8465576171875,11.90075397491455,0.29866454005241394,0.0,606400,68864,675264,0,9.077253341674805,0.44812318682670593,0.17924927175045013
ShapeNet55,NO_BRIDGE,43,1351,30,True,False,0.0,0.0,0.0,140.31996154785156,6.946812152862549,0.04950693994760513,0.0,606400,68864,675264,0,5.528444766998291,0.2767263650894165,0.11069054901599884
ShapeNet55,NO_BRIDGE,44,1370,26,True,False,0.0,0.0,0.0,173.7513427734375,2.574723482131958,0.014818438328802586,0.0,606400,68864,675264,0,4.763416290283203,0.09118986874818802,0.03647594898939133
ShapeNet55,NO_BRIDGE,45,1381,3,True,False,0.0,0.0,0.0,116.49979400634766,18.291946411132812,0.1570126861333847,0.0,606400,68864,675264,0,16.306560516357422,5.236844062805176,2.0947377681732178
ShapeNet55,NO_BRIDGE,46,1544,35,True,False,0.0,0.0,0.0,126.0910873413086,19.361007690429688,0.15354779362678528,0.0,606400,68864,675264,0,12.41680908203125,1.3100988864898682,0.5240395665168762
ShapeNet55,NO_BRIDGE,47,1604,19,True,False,0.0,0.0,0.0,27.937210083007812,0.5211358666419983,0.018653826788067818,0.0,606400,68864,675264,0,9.610852241516113,0.013167685829102993,0.005267074331641197
ShapeNet55,NO_BRIDGE,48,1665,25,True,False,0.0,0.0,0.0,85.66558837890625,15.494486808776855,0.18087176978588104,0.0,606400,68864,675264,0,12.916521072387695,3.171551465988159,1.2686206102371216
ShapeNet55,NO_BRIDGE,49,1721,16,True,False,0.0,0.0,0.0,81.45249938964844,2.792933940887451,0.03428911417722702,0.0,606400,68864,675264,0,10.67349624633789,0.053938716650009155,0.021575486287474632
ShapeNet55,NO_BRIDGE,50,1748,36,True,False,0.0,0.0,0.0,140.07093811035156,1.8406059741973877,0.013140527531504631,0.0,606400,68864,675264,0,14.873684883117676,0.037875574082136154,0.015150229446589947
ShapeNet55,NO_BRIDGE,51,1764,7,True,False,0.0,0.0,0.0,64.0252456665039,32.887535095214844,0.5136651396751404,0.0,606400,68864,675264,0,15.224713325500488,3.413844347000122,1.3655377626419067
ShapeNet55,NO_BRIDGE,52,1792,22,True,False,0.0,0.0,0.0,209.5229949951172,1.020967721939087,0.004872819408774376,0.0,606400,68864,675264,0,9.697124481201172,0.032934676855802536,0.013173870742321014
ShapeNet55,NO_BRIDGE,53,1854,5,True,False,0.0,0.0,0.0,255.32901000976562,40.907135009765625,0.1602134257555008,0.0,606400,68864,675264,0,20.039791107177734,1.7940869331359863,0.7176347970962524
ShapeNet55,NO_BRIDGE,54,1857,16,True,False,0.0,0.0,0.0,72.88922882080078,0.5219442844390869,0.007160787470638752,0.0,606400,68864,675264,0,13.310999870300293,0.008560390211641788,0.0034241562243551016
ShapeNet55,NO_BRIDGE,55,1872,17,True,False,0.0,0.0,0.0,50.99045944213867,2.7921907901763916,0.054759081453084946,0.0,606400,68864,675264,0,5.997334003448486,0.8206912279129028,0.32827648520469666
ShapeNet55,NO_BRIDGE,56,2006,4,True,False,0.0,0.0,0.0,130.08560180664062,23.312389373779297,0.17920807003974915,0.0,606400,68864,675264,0,13.913283348083496,0.7298617959022522,0.2919447124004364
ShapeNet55,NO_BRIDGE,57,2009,15,True,False,0.0,0.0,0.0,168.86056518554688,2.737168073654175,0.016209634020924568,0.0,606400,68864,675264,0,11.840740203857422,0.09336237609386444,0.037344951182603836
ShapeNet55,NO_BRIDGE,58,2224,12,True,False,0.0,0.0,0.0,96.46631622314453,13.603838920593262,0.14102165400981903,0.0,606400,68864,675264,0,12.873741149902344,0.6933807134628296,0.27735230326652527
ShapeNet55,NO_BRIDGE,59,2243,40,True,False,0.0,0.0,0.0,101.86595153808594,1.9082778692245483,0.018733225762844086,0.0,606400,68864,675264,0,6.112051010131836,0.06703772395849228,0.02681509032845497
ShapeNet55,NO_BRIDGE,60,2245,6,True,False,0.0,0.0,0.0,132.30807495117188,49.66907501220703,0.3754047155380249,0.0,606400,68864,675264,0,12.236600875854492,2.2335214614868164,0.8934085965156555
ShapeNet55,NO_BRIDGE,61,2277,15,True,False,0.0,0.0,0.0,123.67080688476562,22.242088317871094,0.17984914779663086,0.0,606400,68864,675264,0,15.117461204528809,0.9737365245819092,0.3894946277141571
ShapeNet55,NO_BRIDGE,62,2307,22,True,False,0.0,0.0,0.0,631.7880859375,34.0514030456543,0.05389687418937683,0.0,606400,68864,675264,0,34.293846130371094,3.494152307510376,1.3976609706878662
ShapeNet55,NO_BRIDGE,63,2331,11,True,False,0.0,0.0,0.0,40.436241149902344,1.7571159601211548,0.04345398768782616,0.0,606400,68864,675264,0,5.128134727478027,0.05291080102324486,0.021164320409297943
ShapeNet55,NO_BRIDGE,64,2392,54,True,False,0.0,0.0,0.0,142.0918426513672,17.046875,0.11997082084417343,0.0,606400,68864,675264,0,14.964529037475586,1.6429401636123657,0.6571760773658752
ShapeNet55,NO_BRIDGE,65,2420,38,True,False,0.0,0.0,0.0,199.59478759765625,4.540287971496582,0.022747527807950974,0.0,606400,68864,675264,0,22.94213104248047,0.12839171290397644,0.051356684416532516
ShapeNet55,NO_BRIDGE,66,2479,42,True,False,0.0,0.0,0.0,858.845947265625,36.18777847290039,0.04213535413146019,0.0,606400,68864,675264,0,27.33023452758789,1.7276148796081543,0.6910459399223328
ShapeNet55,NO_BRIDGE,67,2495,7,True,False,0.0,0.0,0.0,189.53839111328125,58.339847564697266,0.30779963731765747,0.0,606400,68864,675264,0,7.386281967163086,6.298313617706299,2.5193254947662354
ShapeNet55,NO_BRIDGE,68,2637,16,True,False,0.0,0.0,0.0,72.73931121826172,0.21953368186950684,0.0030180886387825012,0.0,606400,68864,675264,0,10.692241668701172,0.004053235054016113,0.001621294068172574
ShapeNet55,NO_BRIDGE,69,2717,44,True,False,0.0,0.0,0.0,366.283447265625,2.1602187156677246,0.0058976695872843266,0.0,606400,68864,675264,0,6.728288650512695,0.04792451113462448,0.019169805571436882
ShapeNet55,NO_BRIDGE,70,2732,47,True,False,0.0,0.0,0.0,73.97222900390625,1.918817162513733,0.0259396955370903,0.0,606400,68864,675264,0,11.100998878479004,0.04305963218212128,0.01722385361790657
ShapeNet55,NO_BRIDGE,71,2793,32,True,False,0.0,0.0,0.0,209.45535278320312,17.010847091674805,0.08121466636657715,0.0,606400,68864,675264,0,15.299764633178711,0.8383009433746338,0.335320383310318
ShapeNet55,NO_BRIDGE,72,2822,38,True,False,0.0,0.0,0.0,1158.146484375,18.69999122619629,0.016146481037139893,0.0,606400,68864,675264,0,27.980091094970703,0.5188747048377991,0.20754988491535187
ShapeNet55,NO_BRIDGE,73,2904,51,True,False,0.0,0.0,0.0,138.64767456054688,17.259641647338867,0.12448561936616898,0.0,606400,68864,675264,0,10.646846771240234,2.6942384243011475,1.077695369720459
ShapeNet55,NO_BRIDGE,74,2906,9,True,False,0.0,0.0,0.0,311.6143493652344,29.36298179626465,0.094228595495224,0.0,606400,68864,675264,0,16.52205467224121,1.6854510307312012,0.6741804480552673
ShapeNet55,NO_BRIDGE,75,2974,28,True,False,0.0,0.0,0.0,515.9663696289062,19.57079315185547,0.03793036565184593,0.0,606400,68864,675264,0,29.54701042175293,1.8120263814926147,0.7248105406761169
ShapeNet55,NO_BRIDGE,76,2997,16,True,False,0.0,0.0,0.0,61.526424407958984,0.41971278190612793,0.006821666844189167,0.0,606400,68864,675264,0,11.753569602966309,0.007253384217619896,0.0029013536404818296
ShapeNet55,NO_BRIDGE,77,3006,11,True,False,0.0,0.0,0.0,83.21085357666016,2.973111391067505,0.03572985157370567,0.0,606400,68864,675264,0,7.481728553771973,0.07158821821212769,0.028635287657380104
ShapeNet55,NO_BRIDGE,78,3092,41,True,False,0.0,0.0,0.0,116.95983123779297,10.802114486694336,0.09235747158527374,0.0,606400,68864,675264,0,23.654762268066406,0.9700172543525696,0.38800689578056335
ShapeNet55,NO_BRIDGE,79,3107,21,True,False,0.0,0.0,0.0,186.11805725097656,16.685752868652344,0.0896514430642128,0.0,606400,68864,675264,0,11.88479232788086,1.772207260131836,0.7088829278945923
ShapeNet55,NO_BRIDGE,80,3179,33,True,False,0.0,0.0,0.0,69.76251983642578,35.2393913269043,0.5051335692405701,0.0,606400,68864,675264,0,8.873830795288086,7.710311412811279,3.0841245651245117
ShapeNet55,NO_BRIDGE,81,3182,10,True,False,0.0,0.0,0.0,226.32614135742188,4.7389912605285645,0.020938770845532417,0.0,606400,68864,675264,0,10.178359031677246,0.19938278198242188,0.07975311577320099
ShapeNet55,NO_BRIDGE,82,3260,0,True,False,0.0,0.0,0.0,47.922325134277344,49.77113723754883,1.0385793447494507,0.0,606400,68864,675264,0,3.6221797466278076,2.9420900344848633,1.1768360137939453
ShapeNet55,NO_BRIDGE,83,3327,29,True,False,0.0,0.0,0.0,241.72509765625,42.12732696533203,0.17427784204483032,0.0,606400,68864,675264,0,9.499665260314941,8.11867904663086,3.247471570968628
ShapeNet55,NO_BRIDGE,84,3334,53,True,False,0.0,0.0,0.0,113.61809539794922,21.028738021850586,0.18508264422416687,0.0,606400,68864,675264,0,10.153650283813477,0.7102351784706116,0.28409406542778015
ShapeNet55,NO_BRIDGE,85,3339,39,True,False,0.0,0.0,0.0,92.0838851928711,0.35979384183883667,0.003907239995896816,0.0,606400,68864,675264,0,12.24695873260498,0.006187805440276861,0.002475122222676873
ShapeNet55,NO_BRIDGE,86,3379,6,True,False,0.0,0.0,0.0,171.49044799804688,5.458956241607666,0.03183242306113243,0.0,606400,68864,675264,0,9.947956085205078,0.16226328909397125,0.0649053156375885
ShapeNet55,NO_BRIDGE,87,3411,24,True,False,0.0,0.0,0.0,823.7435302734375,46.58340072631836,0.056550852954387665,0.0,606400,68864,675264,0,45.753414154052734,3.463682174682617,1.3854728937149048
ShapeNet55,NO_BRIDGE,88,3485,29,True,False,0.0,0.0,0.0,171.17376708984375,1.1353999376296997,0.006633025128394365,0.0,606400,68864,675264,0,4.628962993621826,0.039218612015247345,0.015687445178627968
ShapeNet55,NO_BRIDGE,89,3493,52,True,False,0.0,0.0,0.0,57.14787673950195,19.57731819152832,0.34257298707962036,0.0,606400,68864,675264,0,6.900823593139648,0.8344764709472656,0.3337906002998352
ShapeNet55,NO_BRIDGE,90,3547,8,True,False,0.0,0.0,0.0,140.2220001220703,12.224326133728027,0.08717837184667587,0.0,606400,68864,675264,0,16.19818878173828,0.4609859585762024,0.18439438939094543
ShapeNet55,NO_BRIDGE,91,3625,13,True,False,0.0,0.0,0.0,166.54403686523438,44.093597412109375,0.26475638151168823,0.0,606400,68864,675264,0,16.914419174194336,3.4534034729003906,1.3813613653182983
ShapeNet55,NO_BRIDGE,92,3676,51,True,False,0.0,0.0,0.0,193.0699920654297,34.45629119873047,0.17846529185771942,0.0,606400,68864,675264,0,6.890458583831787,7.596445560455322,3.0385782718658447
ShapeNet55,NO_BRIDGE,93,3713,3,True,False,0.0,0.0,0.0,86.17181396484375,17.811267852783203,0.2066948264837265,0.0,606400,68864,675264,0,16.96572494506836,1.7019847631454468,0.6807939410209656
ShapeNet55,NO_BRIDGE,94,3734,23,True,False,0.0,0.0,0.0,1223.4854736328125,12.627486228942871,0.01032091211527586,0.0,606400,68864,675264,0,36.01110076904297,0.4531455636024475,0.18125823140144348
ShapeNet55,NO_BRIDGE,95,3769,30,True,False,0.0,0.0,0.0,505.1601867675781,8.95583724975586,0.017728706821799278,0.0,606400,68864,675264,0,8.783656120300293,0.3764106333255768,0.1505642533302307
ShapeNet55,NO_BRIDGE,96,3823,37,True,False,0.0,0.0,0.0,104.59839630126953,21.953319549560547,0.209881991147995,0.0,606400,68864,675264,0,10.365286827087402,0.6443111300468445,0.25772446393966675
ShapeNet55,NO_BRIDGE,97,4025,21,True,False,0.0,0.0,0.0,340.73956298828125,18.37993812561035,0.053941309452056885,0.0,606400,68864,675264,0,17.1490535736084,2.039579391479492,0.8158317804336548
ShapeNet55,NO_BRIDGE,98,4059,45,True,False,0.0,0.0,0.0,69.67210388183594,48.569210052490234,0.6971113085746765,0.0,606400,68864,675264,0,7.942724227905273,5.529177188873291,2.2116708755493164
ShapeNet55,NO_BRIDGE,99,4084,30,True,False,0.0,0.0,0.0,470.190185546875,3.2816450595855713,0.006979399360716343,0.0,606400,68864,675264,0,13.770330429077148,0.16022470593452454,0.06408988684415817
ShapeNet55,NO_BRIDGE,100,4127,26,True,False,0.0,0.0,0.0,113.08621215820312,0.19054526090621948,0.0016849556704983115,0.0,606400,68864,675264,0,2.094294786453247,0.007979302667081356,0.0031917211599648
ShapeNet55,NO_BRIDGE,101,4185,50,True,False,0.0,0.0,0.0,39.25958251953125,2.358161211013794,0.06006587669253349,0.0,606400,68864,675264,0,5.873631477355957,0.7048652172088623,0.2819460928440094
ShapeNet55,NO_BRIDGE,102,4214,53,True,False,0.0,0.0,0.0,383.10723876953125,35.07194519042969,0.09154602885246277,0.0,606400,68864,675264,0,20.81026840209961,2.1803340911865234,0.8721336722373962
ShapeNet55,NO_BRIDGE,103,4235,49,True,False,0.0,0.0,0.0,101.44148254394531,4.415615558624268,0.04352869838476181,0.0,606400,68864,675264,0,9.857247352600098,0.11515741050243378,0.04606296494603157
ShapeNet55,NO_BRIDGE,104,4243,41,True,False,0.0,0.0,0.0,169.35479736328125,36.362613677978516,0.21471263468265533,0.0,606400,68864,675264,0,14.125592231750488,4.260638236999512,1.7042553424835205
ShapeNet55,NO_BRIDGE,105,4342,10,True,False,0.0,0.0,0.0,229.82508850097656,3.2431528568267822,0.014111395925283432,0.0,606400,68864,675264,0,9.0672607421875,0.14141373336315155,0.05656549334526062
ShapeNet55,NO_BRIDGE,106,4463,47,True,False,0.0,0.0,0.0,98.87701416015625,23.763668060302734,0.240335613489151,0.0,606400,68864,675264,0,10.354289054870605,0.7015080451965332,0.28060322999954224
ShapeNet55,NO_BRIDGE,107,4535,1,True,False,0.0,0.0,0.0,165.63526916503906,33.45454025268555,0.20197714865207672,0.0,606400,68864,675264,0,20.81072425842285,5.053038120269775,2.0212152004241943
ShapeNet55,NO_BRIDGE,108,4541,18,True,False,0.0,0.0,0.0,57.27299118041992,0.16030727326869965,0.002799002919346094,0.0,606400,68864,675264,0,9.621718406677246,0.004008592572063208,0.0016034370055422187
ShapeNet55,NO_BRIDGE,109,4595,48,True,False,0.0,0.0,0.0,269.5383605957031,21.93230628967285,0.08136989176273346,0.0,606400,68864,675264,0,16.27586555480957,2.665120840072632,1.0660483837127686
ShapeNet55,NO_BRIDGE,110,4599,43,True,False,0.0,0.0,0.0,88.37989044189453,21.38525390625,0.24196967482566833,0.0,606400,68864,675264,0,9.063648223876953,2.795741081237793,1.118296504020691
ShapeNet55,NO_BRIDGE,111,4765,47,True,False,0.0,0.0,0.0,226.7029266357422,4.924098491668701,0.021720489487051964,0.0,606400,68864,675264,0,9.290358543395996,0.08783838897943497,0.03513535484671593
ShapeNet55,NO_BRIDGE,112,4785,10,True,False,0.0,0.0,0.0,163.2162628173828,3.2082037925720215,0.01965615339577198,0.0,606400,68864,675264,0,20.960281372070312,0.14303502440452576,0.05721401050686836
ShapeNet55,NO_BRIDGE,113,4800,35,True,False,0.0,0.0,0.0,169.61842346191406,16.3641414642334,0.09647620469331741,0.0,606400,68864,675264,0,17.867300033569336,1.2814290523529053,0.5125716328620911
ShapeNet55,NO_BRIDGE,114,4860,0,True,False,0.0,0.0,0.0,56.19249725341797,0.056663110852241516,0.0010083750821650028,0.0,606400,68864,675264,0,3.469630241394043,0.0011985269375145435,0.0004794107808265835
ShapeNet55,NO_BRIDGE,115,5054,41,True,False,0.0,0.0,0.0,404.47747802734375,16.046113967895508,0.039671216160058975,0.0,606400,68864,675264,0,45.52035903930664,1.0093183517456055,0.40372735261917114
ShapeNet55,NO_BRIDGE,116,5143,7,True,False,0.0,0.0,0.0,301.1209411621094,38.36262130737305,0.12739938497543335,0.0,606400,68864,675264,0,22.665937423706055,3.9622182846069336,1.5848873853683472
ShapeNet55,NO_BRIDGE,117,5168,2,True,False,0.0,0.0,0.0,68.85031127929688,48.404300689697266,0.7030367851257324,0.0,606400,68864,675264,0,9.328272819519043,3.768260955810547,1.5073044300079346
ShapeNet55,NO_BRIDGE,118,5185,21,True,False,0.0,0.0,0.0,79.24454498291016,14.086003303527832,0.17775359749794006,0.0,606400,68864,675264,0,14.144608497619629,1.6174209117889404,0.6469683647155762
ShapeNet55,NO_BRIDGE,119,5188,45,True,False,0.0,0.0,0.0,351.45782470703125,52.66844177246094,0.1498570740222931,0.0,606400,68864,675264,0,19.075695037841797,10.836705207824707,4.334681987762451
ShapeNet55,NO_BRIDGE,120,5239,4,True,False,0.0,0.0,0.0,157.73614501953125,7.505531311035156,0.047582823783159256,0.0,606400,68864,675264,0,9.156609535217285,0.18581467866897583,0.07432587444782257
ShapeNet55,NO_BRIDGE,121,5255,22,True,False,0.0,0.0,0.0,358.8428649902344,25.32291603088379,0.0705682560801506,0.0,606400,68864,675264,0,17.0813045501709,0.757239043712616,0.3028956353664398
ShapeNet55,NO_BRIDGE,122,5310,31,True,False,0.0,0.0,0.0,139.02587890625,6.624353885650635,0.0476483516395092,0.0,606400,68864,675264,0,10.548277854919434,0.15001435577869415,0.06000574305653572
ShapeNet55,NO_BRIDGE,123,5347,46,True,False,0.0,0.0,0.0,214.9606475830078,0.5047707557678223,0.002348200650885701,0.0,606400,68864,675264,0,8.611404418945312,0.012114635668694973,0.004845854360610247
ShapeNet55,NO_BRIDGE,124,5442,34,True,False,0.0,0.0,0.0,377.5206298828125,26.898286819458008,0.07124984264373779,0.0,606400,68864,675264,0,19.25373649597168,6.570152759552002,2.628061056137085
ShapeNet55,NO_BRIDGE,125,5475,33,True,False,0.0,0.0,0.0,289.81036376953125,30.072450637817383,0.10376595705747604,0.0,606400,68864,675264,0,7.20614767074585,3.547454357147217,1.4189817905426025
ShapeNet55,NO_BRIDGE,126,5485,1,True,False,0.0,0.0,0.0,129.68531799316406,36.009586334228516,0.27766895294189453,0.0,606400,68864,675264,0,16.615755081176758,4.675116539001465,1.870046615600586
ShapeNet55,NO_BRIDGE,127,5547,35,True,False,0.0,0.0,0.0,110.47196960449219,18.309139251708984,0.1657356172800064,0.0,606400,68864,675264,0,9.909673690795898,1.4071824550628662,0.5628730058670044
ShapeNet55,NO_BRIDGE,128,5564,26,True,False,0.0,0.0,0.0,58.750213623046875,0.5068755745887756,0.008627638220787048,0.0,606400,68864,675264,0,2.3435661792755127,0.013684741221368313,0.005473896395415068
ShapeNet55,NO_BRIDGE,129,5580,27,True,False,0.0,0.0,0.0,413.35919189453125,29.51657485961914,0.07140660285949707,0.0,606400,68864,675264,0,33.93549728393555,1.0533874034881592,0.4213549792766571
ShapeNet55,NO_BRIDGE,130,5623,1,True,False,0.0,0.0,0.0,287.2121276855469,14.99221420288086,0.0521990992128849,0.0,606400,68864,675264,0,12.108566284179688,1.4363701343536377,0.574548065662384
ShapeNet55,NO_BRIDGE,131,5649,5,True,False,0.0,0.0,0.0,177.75534057617188,23.020959854125977,0.12950924038887024,0.0,606400,68864,675264,0,15.177170753479004,0.9610737562179565,0.3844295144081116
ShapeNet55,NO_BRIDGE,132,5714,20,True,False,0.0,0.0,0.0,66.63480377197266,14.08515739440918,0.21137838065624237,0.0,606400,68864,675264,0,5.439016819000244,0.5684428811073303,0.22737716138362885
ShapeNet55,NO_BRIDGE,133,5875,20,True,False,0.0,0.0,0.0,627.2701416015625,27.648448944091797,0.044077418744564056,0.0,606400,68864,675264,0,6.770177364349365,1.2927464246749878,0.517098605632782
ShapeNet55,NO_BRIDGE,134,5888,34,True,False,0.0,0.0,0.0,1868.297119140625,14.99489974975586,0.008025971241295338,0.0,606400,68864,675264,0,38.407257080078125,1.3542882204055786,0.5417153239250183
ShapeNet55,NO_BRIDGE,135,5987,35,True,False,0.0,0.0,0.0,63.55870819091797,16.484407424926758,0.25935718417167664,0.0,606400,68864,675264,0,10.675457000732422,1.3710670471191406,0.5484268069267273
ShapeNet55,NO_BRIDGE,136,6004,13,True,False,0.0,0.0,0.0,410.01220703125,40.681941986083984,0.09922129660844803,0.0,606400,68864,675264,0,36.255821228027344,4.2737717628479,1.7095087766647339
ShapeNet55,NO_BRIDGE,137,6053,43,True,False,0.0,0.0,0.0,117.11809539794922,33.80929946899414,0.2886769771575928,0.0,606400,68864,675264,0,6.767816066741943,2.400437116622925,0.9601748585700989
ShapeNet55,NO_BRIDGE,138,6065,8,True,False,0.0,0.0,0.0,186.41732788085938,33.71968460083008,0.1808827817440033,0.0,606400,68864,675264,0,16.34366798400879,1.7663270235061646,0.7065308094024658
ShapeNet55,NO_BRIDGE,139,6228,1,True,False,0.0,0.0,0.0,170.2657928466797,9.50291633605957,0.05581224709749222,0.0,606400,68864,675264,0,11.216617584228516,0.5834930539131165,0.2333972305059433
ShapeNet55,NO_BRIDGE,140,6275,53,True,False,0.0,0.0,0.0,150.37269592285156,21.82785987854004,0.14515839517116547,0.0,606400,68864,675264,0,10.753925323486328,0.5823459625244141,0.23293839395046234
ShapeNet55,NO_BRIDGE,141,6279,7,True,False,0.0,0.0,0.0,380.3750305175781,44.04133987426758,0.11578398942947388,0.0,606400,68864,675264,0,20.634023666381836,4.933080196380615,1.9732321500778198
ShapeNet55,NO_BRIDGE,142,6312,21,True,False,0.0,0.0,0.0,56.750858306884766,13.504775047302246,0.23796600103378296,0.0,606400,68864,675264,0,11.694666862487793,1.3625688552856445,0.5450275540351868
ShapeNet55,NO_BRIDGE,143,6339,36,True,False,0.0,0.0,0.0,101.23091125488281,2.4877445697784424,0.024574950337409973,0.0,606400,68864,675264,0,12.872339248657227,0.04922269657254219,0.019689079374074936
ShapeNet55,NO_BRIDGE,144,6543,32,True,False,0.0,0.0,0.0,126.04688262939453,0.09009772539138794,0.0007147953729145229,0.0,606400,68864,675264,0,16.7731876373291,0.004180502146482468,0.001672200858592987
ShapeNet55,NO_BRIDGE,145,6590,19,True,False,0.0,0.0,0.0,88.21354675292969,0.6773723363876343,0.00767877884209156,0.0,606400,68864,675264,0,15.263442993164062,0.02300502359867096,0.009202009998261929
ShapeNet55,NO_BRIDGE,146,6628,6,True,False,0.0,0.0,0.0,40.04214859008789,3.1729846000671387,0.07924111932516098,0.0,606400,68864,675264,0,5.308139801025391,0.06737378239631653,0.02694951370358467
ShapeNet55,NO_BRIDGE,147,6648,33,True,False,0.0,0.0,0.0,180.0915985107422,22.189929962158203,0.12321468442678452,0.0,606400,68864,675264,0,15.221065521240234,4.15738582611084,1.662954330444336
ShapeNet55,NO_BRIDGE,148,6752,24,True,False,0.0,0.0,0.0,1789.303955078125,30.14556121826172,0.016847647726535797,0.0,606400,68864,675264,0,75.43700408935547,2.753108024597168,1.101243257522583
ShapeNet55,NO_BRIDGE,149,6761,17,True,False,0.0,0.0,0.0,58.14281463623047,13.431144714355469,0.23100265860557556,0.0,606400,68864,675264,0,8.414322853088379,1.0989060401916504,0.4395624101161957
ShapeNet55,NO_BRIDGE,150,6817,38,True,False,0.0,0.0,0.0,165.52061462402344,35.0552864074707,0.21178804337978363,0.0,606400,68864,675264,0,6.5000128746032715,3.8456835746765137,1.5382734537124634
ShapeNet55,NO_BRIDGE,151,6998,18,True,False,0.0,0.0,0.0,419.2489929199219,7.886019229888916,0.01880986988544464,0.0,606400,68864,675264,0,13.591157913208008,0.20216691493988037,0.08086676895618439
ShapeNet55,NO_BRIDGE,152,7119,36,True,False,0.0,0.0,0.0,67.69502258300781,3.382373094558716,0.049964871257543564,0.0,606400,68864,675264,0,9.15585708618164,0.08173668384552002,0.03269467502832413
ShapeNet55,NO_BRIDGE,153,7138,54,True,False,0.0,0.0,0.0,296.3539123535156,34.57799530029297,0.11667804419994354,0.0,606400,68864,675264,0,24.4880428314209,3.385014533996582,1.3540058135986328
ShapeNet55,NO_BRIDGE,154,7156,50,True,False,0.0,0.0,0.0,35.59075164794922,3.1850104331970215,0.08948983252048492,0.0,606400,68864,675264,0,5.920359134674072,0.7009549736976624,0.2803820073604584
ShapeNet55,NO_BRIDGE,155,7184,20,True,False,0.0,0.0,0.0,245.0421905517578,29.544189453125,0.12056776881217957,0.0,606400,68864,675264,0,3.9921231269836426,1.407982349395752,0.5631929636001587
ShapeNet55,NO_BRIDGE,156,7245,2,True,False,0.0,0.0,0.0,301.3774108886719,22.274084091186523,0.07390760630369186,0.0,606400,68864,675264,0,11.408928871154785,2.065011501312256,0.8260046243667603
ShapeNet55,NO_BRIDGE,157,7265,41,True,False,0.0,0.0,0.0,394.968505859375,23.78421974182129,0.06021801754832268,0.0,606400,68864,675264,0,27.282094955444336,2.1756844520568848,0.870273768901825
ShapeNet55,NO_BRIDGE,158,7287,54,True,False,0.0,0.0,0.0,270.7856140136719,16.645231246948242,0.0614701472222805,0.0,606400,68864,675264,0,22.471637725830078,1.7044727802276611,0.6817891001701355
ShapeNet55,NO_BRIDGE,159,7480,33,True,False,0.0,0.0,0.0,313.86773681640625,34.82426071166992,0.11095202714204788,0.0,606400,68864,675264,0,21.749998092651367,6.035531997680664,2.414212942123413
ShapeNet55,NO_BRIDGE,160,7569,31,True,False,0.0,0.0,0.0,28.96208953857422,0.06310736387968063,0.002178964437916875,0.0,606400,68864,675264,0,5.77061128616333,0.0015657796757295728,0.0006263118702918291
ShapeNet55,NO_BRIDGE,161,7602,40,True,False,0.0,0.0,0.0,182.84178161621094,5.2741217613220215,0.028845276683568954,0.0,606400,68864,675264,0,4.926697254180908,0.16944894194602966,0.06777957826852798
ShapeNet55,NO_BRIDGE,162,7642,43,True,False,0.0,0.0,0.0,62.983558654785156,47.9278564453125,0.760958194732666,0.0,606400,68864,675264,0,7.159221172332764,4.137659072875977,1.6550636291503906
ShapeNet55,NO_BRIDGE,163,7699,34,True,False,0.0,0.0,0.0,175.3260955810547,21.847333908081055,0.12460970878601074,0.0,606400,68864,675264,0,8.054938316345215,4.613351345062256,1.845340609550476
ShapeNet55,NO_BRIDGE,164,7700,50,True,False,0.0,0.0,0.0,39.09590530395508,5.5361223220825195,0.14160363376140594,0.0,606400,68864,675264,0,5.117230415344238,0.7862787842750549,0.3145115077495575
ShapeNet55,NO_BRIDGE,165,7768,32,True,False,0.0,0.0,0.0,183.56089782714844,29.2557430267334,0.15937894582748413,0.0,606400,68864,675264,0,9.96641731262207,1.8099298477172852,0.723971962928772
ShapeNet55,NO_BRIDGE,166,7805,40,True,False,0.0,0.0,0.0,422.8846130371094,20.160531997680664,0.04767383635044098,0.0,606400,68864,675264,0,12.524505615234375,1.0475671291351318,0.41902685165405273
ShapeNet55,NO_BRIDGE,167,7822,43,True,False,0.0,0.0,0.0,192.35638427734375,35.767757415771484,0.18594525754451752,0.0,606400,68864,675264,0,5.0047926902771,1.9642409086227417,0.7856963872909546
ShapeNet55,NO_BRIDGE,168,7912,48,True,False,0.0,0.0,0.0,349.2944030761719,23.04875373840332,0.06598661094903946,0.0,606400,68864,675264,0,33.033443450927734,2.3623132705688477,0.9449253082275391
ShapeNet55,NO_BRIDGE,169,7935,42,True,False,0.0,0.0,0.0,233.86334228515625,22.104358673095703,0.0945182740688324,0.0,606400,68864,675264,0,17.94807243347168,1.9067832231521606,0.7627133131027222
ShapeNet55,NO_BRIDGE,170,8091,14,True,False,0.0,0.0,0.0,65.61018371582031,24.981781005859375,0.38076072931289673,0.0,606400,68864,675264,0,8.472297668457031,1.1554700136184692,0.4621880054473877
ShapeNet55,NO_BRIDGE,171,8142,27,True,False,0.0,0.0,0.0,329.2535095214844,3.0133817195892334,0.009152162820100784,0.0,606400,68864,675264,0,20.382680892944336,0.09897663444280624,0.03959065303206444
ShapeNet55,NO_BRIDGE,172,8205,10,True,False,0.0,0.0,0.0,101.33696746826172,1.552752137184143,0.015322661958634853,0.0,606400,68864,675264,0,11.026915550231934,0.061148446053266525,0.02445937879383564
ShapeNet55,NO_BRIDGE,173,8242,46,True,False,0.0,0.0,0.0,25.130613327026367,29.011280059814453,1.1544198989868164,0.0,606400,68864,675264,0,3.2088558673858643,0.4896266758441925,0.195850670337677
ShapeNet55,NO_BRIDGE,174,8297,8,True,False,0.0,0.0,0.0,92.99173736572266,18.351652145385742,0.19734711945056915,0.0,606400,68864,675264,0,7.432962894439697,0.70335853099823,0.2813434302806854
ShapeNet55,NO_BRIDGE,175,8358,4,True,False,0.0,0.0,0.0,93.91968536376953,0.5925247669219971,0.006308845244348049,0.0,606400,68864,675264,0,9.71778678894043,0.017924116924405098,0.007169646676629782
ShapeNet55,NO_BRIDGE,176,8392,44,True,False,0.0,0.0,0.0,95.49308013916016,3.1297075748443604,0.0327741801738739,0.0,606400,68864,675264,0,3.1560521125793457,0.06302253901958466,0.025209015235304832
ShapeNet55,NO_BRIDGE,177,8535,24,True,False,0.0,0.0,0.0,1728.494384765625,18.160602569580078,0.010506602004170418,0.0,606400,68864,675264,0,20.199861526489258,1.3405632972717285,0.5362253189086914
ShapeNet55,NO_BRIDGE,178,8608,2,True,False,0.0,0.0,0.0,73.4645767211914,11.948068618774414,0.1626371443271637,0.0,606400,68864,675264,0,11.495689392089844,0.6959670186042786,0.27838680148124695
ShapeNet55,NO_BRIDGE,179,8673,37,True,False,0.0,0.0,0.0,278.2227783203125,43.76932144165039,0.15731753408908844,0.0,606400,68864,675264,0,11.227701187133789,6.098657131195068,2.439462900161743
ShapeNet55,NO_BRIDGE,180,8742,6,True,False,0.0,0.0,0.0,166.1580047607422,49.76877212524414,0.29952678084373474,0.0,606400,68864,675264,0,9.931785583496094,6.450989723205566,2.5803959369659424
ShapeNet55,NO_BRIDGE,181,8749,28,True,False,0.0,0.0,0.0,144.882568359375,11.645417213439941,0.08037831634283066,0.0,606400,68864,675264,0,12.971101760864258,0.8114368319511414,0.324574738740921
ShapeNet55,NO_BRIDGE,182,8919,39,True,False,0.0,0.0,0.0,93.94844818115234,43.06126022338867,0.45834988355636597,0.0,606400,68864,675264,0,17.006484985351562,3.7812860012054443,1.5125144720077515
ShapeNet55,NO_BRIDGE,183,8928,25,True,False,0.0,0.0,0.0,106.33519744873047,19.614822387695312,0.18446217477321625,0.0,606400,68864,675264,0,5.54897403717041,3.420762062072754,1.3683048486709595
ShapeNet55,NO_BRIDGE,184,8930,2,True,False,0.0,0.0,0.0,176.40708923339844,33.74638366699219,0.19129833579063416,0.0,606400,68864,675264,0,10.159881591796875,6.192729473114014,2.4770917892456055
ShapeNet55,NO_BRIDGE,185,8978,46,True,False,0.0,0.0,0.0,41.856971740722656,3.096374988555908,0.07397513091564178,0.0,606400,68864,675264,0,5.460415840148926,0.0574016235768795,0.02296064980328083
ShapeNet55,NO_BRIDGE,186,8993,46,True,False,0.0,0.0,0.0,40.38747024536133,2.982631206512451,0.07385040819644928,0.0,606400,68864,675264,0,6.223735332489014,0.05967666953802109,0.023870667442679405
ShapeNet55,NO_BRIDGE,187,8996,40,True,False,0.0,0.0,0.0,107.28411102294922,5.194248199462891,0.04841582104563713,0.0,606400,68864,675264,0,5.916411399841309,0.17621567845344543,0.07048626989126205
ShapeNet55,NO_BRIDGE,188,9012,25,True,False,0.0,0.0,0.0,79.57141876220703,16.750083923339844,0.21050377190113068,0.0,606400,68864,675264,0,13.546392440795898,3.144559383392334,1.2578238248825073
ShapeNet55,NO_BRIDGE,189,9050,53,True,False,0.0,0.0,0.0,48.373722076416016,1.8271030187606812,0.03777056932449341,0.0,606400,68864,675264,0,5.953699111938477,0.07435716688632965,0.02974286675453186
ShapeNet55,NO_BRIDGE,190,9053,49,True,False,0.0,0.0,0.0,274.5706787109375,0.39140376448631287,0.0014255119021981955,0.0,606400,68864,675264,0,11.617707252502441,0.009253589436411858,0.0037014358676970005
ShapeNet55,NO_BRIDGE,191,9146,18,True,False,0.0,0.0,0.0,109.72300720214844,0.29703614115715027,0.002707145409658551,0.0,606400,68864,675264,0,7.129812240600586,0.0048632193356752396,0.001945287804119289
ShapeNet55,NO_BRIDGE,192,9170,30,True,False,0.0,0.0,0.0,585.1168212890625,15.979249954223633,0.02730950340628624,0.0,606400,68864,675264,0,18.643789291381836,0.6854228973388672,0.2741691768169403
ShapeNet55,NO_BRIDGE,193,9180,23,True,False,0.0,0.0,0.0,382.1885681152344,0.0660320594906807,0.00017277350707445294,0.0,606400,68864,675264,0,19.77901840209961,0.0021799865644425154,0.0008719946490600705
ShapeNet55,NO_BRIDGE,194,9269,25,True,False,0.0,0.0,0.0,177.8844451904297,15.720759391784668,0.0883762463927269,0.0,606400,68864,675264,0,13.53419303894043,1.6969456672668457,0.6787782907485962
ShapeNet55,NO_BRIDGE,195,9318,19,True,False,0.0,0.0,0.0,49.284515380859375,9.329334259033203,0.1892954409122467,0.0,606400,68864,675264,0,7.649300575256348,0.2525739371776581,0.10102957487106323
ShapeNet55,NO_BRIDGE,196,9329,9,True,False,0.0,0.0,0.0,55.03993225097656,2.485975980758667,0.04516677185893059,0.0,606400,68864,675264,0,4.524267196655273,0.09768041223287582,0.03907216712832451
ShapeNet55,NO_BRIDGE,197,9418,38,True,False,0.0,0.0,0.0,116.75157165527344,23.669275283813477,0.20273196697235107,0.0,606400,68864,675264,0,11.236536979675293,0.5061060786247253,0.20244243741035461
ShapeNet55,NO_BRIDGE,198,9530,28,True,False,0.0,0.0,0.0,395.50439453125,14.450307846069336,0.03653640300035477,0.0,606400,68864,675264,0,31.55042266845703,1.7552433013916016,0.7020973563194275
ShapeNet55,NO_BRIDGE,199,9531,44,True,False,0.0,0.0,0.0,37.94961929321289,2.2968857288360596,0.060524605214595795,0.0,606400,68864,675264,0,3.9044134616851807,0.05768343061208725,0.02307337336242199
ShapeNet55,NO_BRIDGE,200,9541,39,True,False,0.0,0.0,0.0,299.6750183105469,0.286511093378067,0.0009560726466588676,0.0,606400,68864,675264,0,15.322478294372559,0.006564481183886528,0.00262579252012074
ShapeNet55,NO_BRIDGE,201,9556,28,True,False,0.0,0.0,0.0,365.9092712402344,15.428266525268555,0.04216418415307999,0.0,606400,68864,675264,0,18.200481414794922,1.4149911403656006,0.5659964680671692
ShapeNet55,NO_BRIDGE,202,9584,11,True,False,0.0,0.0,0.0,36.10032272338867,3.738222122192383,0.10355093330144882,0.0,606400,68864,675264,0,6.852962970733643,0.08589661866426468,0.03435864672064781
ShapeNet55,NO_BRIDGE,203,9608,48,True,False,0.0,0.0,0.0,130.86431884765625,22.24460792541504,0.16998222470283508,0.0,606400,68864,675264,0,11.792909622192383,3.400496482849121,1.3601986169815063
ShapeNet55,NO_BRIDGE,204,9669,0,True,False,0.0,0.0,0.0,97.38275909423828,0.05798611044883728,0.0005954453372396529,0.0,606400,68864,675264,0,5.054091453552246,0.0015044810716062784,0.0006017924170009792
ShapeNet55,NO_BRIDGE,205,9747,0,True,False,0.0,0.0,0.0,250.0841522216797,0.1012381762266159,0.00040481644100509584,0.0,606400,68864,675264,0,7.287381172180176,0.0021431115455925465,0.0008572446531616151
ShapeNet55,NO_BRIDGE,206,9795,18,True,False,0.0,0.0,0.0,204.8487091064453,25.612668991088867,0.12503212690353394,0.0,606400,68864,675264,0,21.037128448486328,0.7332728505134583,0.29330915212631226
ShapeNet55,NO_BRIDGE,207,9938,49,True,False,0.0,0.0,0.0,218.50987243652344,5.894096851348877,0.02697405219078064,0.0,606400,68864,675264,0,9.606294631958008,0.15666915476322174,0.06266766041517258
ShapeNet55,NO_BRIDGE,208,9996,20,True,False,0.0,0.0,0.0,57.46146011352539,4.040348529815674,0.07031405717134476,0.0,606400,68864,675264,0,3.8204057216644287,0.1439344435930252,0.05757377669215202
ShapeNet55,NO_BRIDGE,209,10012,13,True,False,0.0,0.0,0.0,369.57379150390625,16.273517608642578,0.04403320327401161,0.0,606400,68864,675264,0,27.668012619018555,0.5534268021583557,0.22137072682380676
ShapeNet55,NO_BRIDGE,210,10041,29,True,False,0.0,0.0,0.0,50.45298767089844,1.7081356048583984,0.03385598585009575,0.0,606400,68864,675264,0,2.2096002101898193,0.05732373148202896,0.022929493337869644
ShapeNet55,NO_BRIDGE,211,10085,3,True,False,0.0,0.0,0.0,32.0944709777832,17.211605072021484,0.5362794399261475,0.0,606400,68864,675264,0,10.326502799987793,1.5986340045928955,0.6394535899162292
ShapeNet55,NO_BRIDGE,212,10115,19,True,False,0.0,0.0,0.0,208.4451141357422,41.18775939941406,0.19759522378444672,0.0,606400,68864,675264,0,9.712030410766602,4.210639476776123,1.684255838394165
ShapeNet55,NO_BRIDGE,213,10220,17,True,False,0.0,0.0,0.0,155.8522186279297,10.482150077819824,0.06725698709487915,0.0,606400,68864,675264,0,9.703593254089355,1.3636276721954346,0.5454511046409607
ShapeNet55,NO_BRIDGE,214,10242,4,True,False,0.0,0.0,0.0,60.904693603515625,38.626285552978516,0.6342086791992188,0.0,606400,68864,675264,0,9.768540382385254,2.026691436767578,0.8106765747070312
ShapeNet55,NO_BRIDGE,215,10288,37,True,False,0.0,0.0,0.0,201.01986694335938,5.845002174377441,0.02907673828303814,0.0,606400,68864,675264,0,17.96645736694336,0.14474229514598846,0.057896919548511505
ShapeNet55,NO_BRIDGE,216,10372,29,True,False,0.0,0.0,0.0,171.2403564453125,3.4671874046325684,0.02024748921394348,0.0,606400,68864,675264,0,5.074792861938477,0.12412579357624054,0.049650318920612335
ShapeNet55,NO_BRIDGE,217,10449,32,True,False,0.0,0.0,0.0,148.72677612304688,8.776810646057129,0.05901298299431801,0.0,606400,68864,675264,0,16.125152587890625,0.39308351278305054,0.15723340213298798
ShapeNet55,NO_BRIDGE,218,10471,44,True,False,0.0,0.0,0.0,46.8343620300293,13.105841636657715,0.2798338830471039,0.0,606400,68864,675264,0,4.2019805908203125,0.3242740333080292,0.1297096163034439
ShapeNet55,NO_BRIDGE,219,10508,3,True,False,0.0,0.0,0.0,1365.537353515625,27.39642333984375,0.02006274089217186,0.0,606400,68864,675264,0,24.808595657348633,3.229504108428955,1.2918016910552979
ShapeNet55,FULL,0,1,34,True,True,-0.05985620990395546,0.05985620990395546,-1032.0855712890625,656.0057373046875,26.284446716308594,0.0400674045085907,0.29904735336944444,1462209,1462209,2251202,673216,18.909082412719727,0.3202311098575592,0.1280924528837204
ShapeNet55,FULL,1,10,23,True,True,-0.28147026896476746,0.28147026896476746,-5.898738384246826,623.7094116210938,0.03360038995742798,5.3871866839472204e-05,0.29904735336944444,1462209,1462209,2251202,673216,32.933563232421875,0.00043215948971919715,0.00017286380170844495
ShapeNet55,FULL,2,11,48,True,True,-0.01257690042257309,0.01257690042257309,-36.66157150268555,285.67352294921875,10.203929901123047,0.035718850791454315,0.29904735336944444,1462209,1462209,2251202,673216,21.381343841552734,0.06405554711818695,0.02562221884727478
ShapeNet55,FULL,3,14,27,True,False,0.18368856608867645,0.0,1651.615478515625,435.8248596191406,20.630741119384766,0.047337230294942856,0.29904735336944444,1462209,1462209,2251202,673216,31.616195678710938,0.19340963661670685,0.07736385613679886
ShapeNet55,FULL,4,17,23,True,False,0.3209489583969116,0.0,19585.99609375,228.70074462890625,266.8345947265625,1.1667412519454956,0.29904735336944444,1462209,1462209,2251202,673216,14.311732292175293,16.23200798034668,6.49280309677124
ShapeNet55,FULL,5,38,42,True,True,-0.11575839668512344,0.11575839668512344,-1817.959716796875,626.5029296875,25.067363739013672,0.04001156613230705,0.29904735336944444,1462209,1462209,2251202,673216,31.511943817138672,0.551629364490509,0.2206517457962036
ShapeNet55,FULL,6,43,51,True,True,-0.315429151058197,0.315429151058197,-12648.4921875,529.6356811523438,75.71112060546875,0.1429494321346283,0.29904735336944444,1462209,1462209,2251202,673216,22.017866134643555,4.374661922454834,1.7498648166656494
ShapeNet55,FULL,7,45,17,True,True,-0.3328622579574585,0.3328622579574585,-374.94476318359375,151.9695281982422,7.412184238433838,0.048774149268865585,0.29904735336944444,1462209,1462209,2251202,673216,7.862858295440674,0.8790376782417297,0.3516150712966919
ShapeNet55,FULL,8,95,15,True,False,0.0090016545727849,0.0,2.9584367275238037,874.268798828125,0.3759196102619171,0.00042998173739761114,0.29904735336944444,1462209,1462209,2251202,673216,34.78718948364258,0.004035900812596083,0.0016143603716045618
ShapeNet55,FULL,9,100,27,True,True,-0.14895829558372498,0.14895829558372498,-3.7041280269622803,471.679931640625,0.05271981656551361,0.00011177032138220966,0.29904735336944444,1462209,1462209,2251202,673216,49.82258224487305,0.0004648081958293915,0.00018592328706290573
ShapeNet55,FULL,10,101,51,True,True,-0.22615964710712433,0.22615964710712433,-8097.62841796875,518.4505004882812,69.06140899658203,0.13320733606815338,0.29904735336944444,1462209,1462209,2251202,673216,25.18781089782715,0.7712293863296509,0.3084917664527893
ShapeNet55,FULL,11,109,12,True,False,0.6464212536811829,0.0,816.8856811523438,233.09591674804688,5.421393871307373,0.023258211091160774,0.29904735336944444,1462209,1462209,2251202,673216,14.767621040344238,0.08030614256858826,0.03212245926260948
ShapeNet55,FULL,12,138,52,True,False,0.32005494832992554,0.0,11697.6396484375,428.70294189453125,85.25448608398438,0.1988661140203476,0.29904735336944444,1462209,1462209,2251202,673216,19.656238555908203,2.0524823665618896,0.8209929466247559
ShapeNet55,FULL,13,167,14,True,True,-0.2444150298833847,0.2444150298833847,-521.572021484375,143.5573272705078,14.86486530303955,0.10354654490947723,0.29904735336944444,1462209,1462209,2251202,673216,17.777929306030273,0.3192692995071411,0.12770771980285645
ShapeNet55,FULL,14,212,14,True,True,-0.006913280114531517,0.006913280114531517,-3.829240322113037,262.0040588378906,2.114075183868408,0.008068864233791828,0.29904735336944444,1462209,1462209,2251202,673216,17.51513671875,0.029652748256921768,0.011861099861562252
ShapeNet55,FULL,15,216,26,True,False,0.46509018540382385,0.0,12.777375221252441,580.3142700195312,0.04734141379594803,8.15789244370535e-05,0.29904735336944444,1462209,1462209,2251202,673216,12.924881935119629,0.0002829628065228462,0.00011318512406433001
ShapeNet55,FULL,16,251,52,True,False,0.32166653871536255,0.0,7.261153697967529,504.76275634765625,0.0447210967540741,8.859825175022706e-05,0.29904735336944444,1462209,1462209,2251202,673216,13.234172821044922,0.0004568248405121267,0.00018272994202561677
ShapeNet55,FULL,17,349,13,True,False,0.31983059644699097,0.0,16307.16796875,513.7955322265625,99.23576354980469,0.19314251840114594,0.29904735336944444,1462209,1462209,2251202,673216,30.7280330657959,1.6217344999313354,0.6486937999725342
ShapeNet55,FULL,18,369,14,True,True,-0.09691391885280609,0.09691391885280609,-3072.46875,532.0629272460938,59.58518981933594,0.11198899149894714,0.29904735336944444,1462209,1462209,2251202,673216,22.71575927734375,1.3503360748291016,0.5401344299316406
ShapeNet55,FULL,19,381,12,True,False,0.0876883789896965,0.0,14.124683380126953,277.21234130859375,0.5810642242431641,0.00209609791636467,0.29904735336944444,1462209,1462209,2251202,673216,21.905126571655273,0.008605066686868668,0.003442026674747467
ShapeNet55,FULL,20,472,45,True,True,-0.09652599692344666,0.09652599692344666,-4.912153244018555,122.58516693115234,0.41513529419898987,0.0033865051809698343,0.29904735336944444,1462209,1462209,2251202,673216,3.10758638381958,0.005152043886482716,0.0020608175545930862
ShapeNet55,FULL,21,505,47,True,True,-0.5508947372436523,0.5508947372436523,-220.81443786621094,523.5941772460938,0.7655332088470459,0.0014620735310018063,0.29904735336944444,1462209,1462209,2251202,673216,25.493122100830078,0.011780455708503723,0.004712182562798262
ShapeNet55,FULL,22,540,52,True,True,-0.3646746873855591,0.3646746873855591,-43808.1171875,521.5439453125,230.33399963378906,0.441638708114624,0.29904735336944444,1462209,1462209,2251202,673216,27.471708297729492,1.4345450401306152,0.573818027973175
ShapeNet55,FULL,23,558,8,True,False,0.3765309453010559,0.0,8918.720703125,344.3009033203125,68.79608917236328,0.1998138576745987,0.29904735336944444,1462209,1462209,2251202,673216,18.77597999572754,1.9418692588806152,0.7767477035522461
ShapeNet55,FULL,24,594,54,True,False,0.3148229420185089,0.0,56.74494171142578,209.7823486328125,0.8591952323913574,0.004095650743693113,0.29904735336944444,1462209,1462209,2251202,673216,23.854564666748047,0.006334228441119194,0.002533691469579935
ShapeNet55,FULL,25,644,42,True,True,-0.19666707515716553,0.19666707515716553,-3364.353759765625,470.267333984375,36.37685775756836,0.0773535743355751,0.29904735336944444,1462209,1462209,2251202,673216,35.509910583496094,0.27721109986305237,0.11088444292545319
ShapeNet55,FULL,26,727,31,True,True,-0.09057732671499252,0.09057732671499252,-144.15582275390625,403.4096374511719,3.945176362991333,0.009779579006135464,0.29904735336944444,1462209,1462209,2251202,673216,19.38302993774414,0.05106703191995621,0.020426813513040543
ShapeNet55,FULL,27,795,22,True,False,0.2040358930826187,0.0,120.66071319580078,247.62294006347656,2.3881876468658447,0.00964445248246193,0.29904735336944444,1462209,1462209,2251202,673216,15.067856788635254,0.014749178662896156,0.0058996714651584625
ShapeNet55,FULL,28,844,50,True,False,0.3739820718765259,0.0,790.2578735351562,63.19464874267578,33.43780517578125,0.5291240215301514,0.29904735336944444,1462209,1462209,2251202,673216,6.206587791442871,0.9501605033874512,0.3800642192363739
ShapeNet55,FULL,29,883,9,True,False,0.40248197317123413,0.0,2601.86328125,725.1954345703125,8.914212226867676,0.012292151339352131,0.29904735336944444,1462209,1462209,2251202,673216,29.783662796020508,0.10119576752185822,0.040478307753801346
ShapeNet55,FULL,30,898,31,True,False,0.3415794372558594,0.0,6484.53271484375,547.91845703125,34.647430419921875,0.06323464959859848,0.29904735336944444,1462209,1462209,2251202,673216,23.051904678344727,1.1545647382736206,0.4618259072303772
ShapeNet55,FULL,31,932,9,True,False,0.10295836627483368,0.0,307.768310546875,301.7154846191406,9.907513618469238,0.03283727169036865,0.29904735336944444,1462209,1462209,2251202,673216,18.565881729125977,0.11577311158180237,0.04630924388766289
ShapeNet55,FULL,32,934,36,True,True,-0.11065962165594101,0.11065962165594101,-0.4664691984653473,234.42897033691406,0.017981359735131264,7.670280319871381e-05,0.29904735336944444,1462209,1462209,2251202,673216,17.974512100219727,0.00013517419574782252,5.406967829912901e-05
ShapeNet55,FULL,33,939,37,True,False,0.0903586745262146,0.0,130.3424835205078,355.92401123046875,4.052834510803223,0.011386796832084656,0.29904735336944444,1462209,1462209,2251202,673216,27.11008071899414,0.05781204253435135,0.0231248177587986
ShapeNet55,FULL,34,954,49,True,True,-0.17048275470733643,0.17048275470733643,-4.882958889007568,306.00372314453125,0.09360001236200333,0.0003058786678593606,0.29904735336944444,1462209,1462209,2251202,673216,26.420223236083984,0.002227089600637555,0.0008908358286134899
ShapeNet55,FULL,35,955,5,True,False,0.3229334056377411,0.0,161.02906799316406,410.5221862792969,1.2146598100662231,0.0029588164761662483,0.29904735336944444,1462209,1462209,2251202,673216,20.149036407470703,0.012295166961848736,0.004918066784739494
ShapeNet55,FULL,36,973,5,True,False,0.31946560740470886,0.0,15004.1533203125,867.294189453125,54.15280532836914,0.06243879720568657,0.29904735336944444,1462209,1462209,2251202,673216,30.772811889648438,1.2241687774658203,0.48966750502586365
ShapeNet55,FULL,37,1003,15,True,True,-0.1326504498720169,0.1326504498720169,-941.6968994140625,773.5607299804688,9.177153587341309,0.011863520368933678,0.29904735336944444,1462209,1462209,2251202,673216,35.1364631652832,0.09403526037931442,0.03761410340666771
ShapeNet55,FULL,38,1058,45,True,True,-0.019037483260035515,0.019037483260035515,-0.533664345741272,146.06329345703125,0.19191882014274597,0.0013139428338035941,0.29904735336944444,1462209,1462209,2251202,673216,3.0289900302886963,0.0017940392717719078,0.0007176157087087631
ShapeNet55,FULL,39,1151,39,True,True,-0.21554698050022125,0.21554698050022125,-0.3828544318675995,615.8604125976562,0.002884094137698412,4.6830323299218435e-06,0.29904735336944444,1462209,1462209,2251202,673216,21.672685623168945,2.372236667724792e-05,9.488946489000227e-06
ShapeNet55,FULL,40,1162,11,True,True,-0.10463231801986694,0.10463231801986694,-1944.03173828125,210.3192138671875,88.3402328491211,0.42002931237220764,0.29904735336944444,1462209,1462209,2251202,673216,22.16381072998047,3.6349964141845703,1.4539985656738281
ShapeNet55,FULL,41,1186,24,True,False,0.11786755919456482,0.0,989.6460571289062,1001.62646484375,8.382620811462402,0.008369009010493755,0.29904735336944444,1462209,1462209,2251202,673216,54.677852630615234,0.05966319143772125,0.02386527694761753
ShapeNet55,FULL,42,1226,12,True,True,-0.07171843200922012,0.07171843200922012,-180.2772216796875,330.7213134765625,7.600600242614746,0.022981887683272362,0.29904735336944444,1462209,1462209,2251202,673216,17.826520919799805,0.15105944871902466,0.06042378023266792
ShapeNet55,FULL,43,1351,30,True,True,-0.4746554493904114,0.4746554493904114,-104.07576751708984,719.6705932617188,0.3046754002571106,0.0004233539802953601,0.29904735336944444,1462209,1462209,2251202,673216,17.201528549194336,0.0016920547932386398,0.0006768219172954559
ShapeNet55,FULL,44,1370,26,True,False,0.05375208705663681,0.0,0.6344146728515625,486.99945068359375,0.024235356599092484,4.9764646973926574e-05,0.29904735336944444,1462209,1462209,2251202,673216,11.923321723937988,0.00018153927521780133,7.261570863192901e-05
ShapeNet55,FULL,45,1381,3,True,True,-0.01778082549571991,0.01778082549571991,-356.3201904296875,463.5843505859375,43.22746658325195,0.09324616938829422,0.29904735336944444,1462209,1462209,2251202,673216,31.19738006591797,5.980285167694092,2.3921141624450684
ShapeNet55,FULL,46,1544,35,True,True,-0.10623729228973389,0.10623729228973389,-324.6592102050781,259.0305480957031,11.797765731811523,0.04554584622383118,0.29904735336944444,1462209,1462209,2251202,673216,20.309812545776367,0.23547357320785522,0.09418942779302597
ShapeNet55,FULL,47,1604,19,True,True,-0.3969440162181854,0.3969440162181854,-0.5381789803504944,68.17021179199219,0.019888537004590034,0.0002917482051998377,0.29904735336944444,1462209,1462209,2251202,673216,11.912531852722168,0.00015889335190877318,6.355734512908384e-05
ShapeNet55,FULL,48,1665,25,True,True,-0.1189865916967392,0.1189865916967392,-382.169677734375,253.44473266601562,12.672868728637695,0.05000249296426773,0.29904735336944444,1462209,1462209,2251202,673216,18.055505752563477,0.18258461356163025,0.07303384691476822
ShapeNet55,FULL,49,1721,16,True,False,0.31085455417633057,0.0,3.4918930530548096,299.8127136230469,0.037467408925294876,0.0001249693741556257,0.29904735336944444,1462209,1462209,2251202,673216,18.84081268310547,0.0005790702416561544,0.00023162810248322785
ShapeNet55,FULL,50,1748,36,True,False,0.12606686353683472,0.0,23.55878257751465,455.66357421875,0.4101168215274811,0.0009000430000014603,0.29904735336944444,1462209,1462209,2251202,673216,23.975561141967773,0.0033845780417323112,0.0013538312632590532
ShapeNet55,FULL,51,1764,7,True,False,0.08583564311265945,0.0,19.127899169921875,215.4110107421875,1.0345028638839722,0.004802460316568613,0.29904735336944444,1462209,1462209,2251202,673216,20.368085861206055,0.009588968940079212,0.003835587529465556
ShapeNet55,FULL,52,1792,22,True,True,-0.016136717051267624,0.016136717051267624,-18.96847152709961,303.527099609375,3.8727517127990723,0.012759163044393063,0.29904735336944444,1462209,1462209,2251202,673216,18.524320602416992,0.04720712825655937,0.01888285204768181
ShapeNet55,FULL,53,1854,5,True,True,-0.17243261635303497,0.17243261635303497,-1743.814697265625,319.7908020019531,31.623865127563477,0.09888922423124313,0.29904735336944444,1462209,1462209,2251202,673216,26.35371208190918,0.20333199203014374,0.08133279532194138
ShapeNet55,FULL,54,1857,16,True,True,-0.20809437334537506,0.20809437334537506,-0.0892530009150505,399.95855712890625,0.0010723769664764404,2.6812201667780755e-06,0.2989904948556371,1462209,1462081,2251202,673088,24.788681030273438,1.5139465176616795e-05,6.055786343495129e-06
ShapeNet55,FULL,55,1872,17,True,True,-0.43069154024124146,0.43069154024124146,-869.83056640625,272.6138610839844,7.408331394195557,0.027175182476639748,0.29904735336944444,1462209,1462209,2251202,673216,10.76052188873291,0.8606991767883301,0.3442796766757965
ShapeNet55,FULL,56,2006,4,True,False,0.3865489363670349,0.0,176.0640106201172,364.3019714355469,1.250272274017334,0.0034319667611271143,0.29904735336944444,1462209,1462209,2251202,673216,24.15951919555664,0.00866604968905449,0.0034664198756217957
ShapeNet55,FULL,57,2009,15,True,False,0.2619510591030121,0.0,1.9925211668014526,553.8115234375,0.01373475231230259,2.4800408937153406e-05,0.29904735336944444,1462209,1462209,2251202,673216,32.501216888427734,0.0001774868869688362,7.0994756242726e-05
ShapeNet55,FULL,58,2224,12,True,False,0.13214851915836334,0.0,121.7776870727539,117.17443084716797,7.864526748657227,0.06711811572313309,0.29904735336944444,1462209,1462209,2251202,673216,15.46823787689209,0.14754371345043182,0.05901748687028885
ShapeNet55,FULL,59,2243,40,True,False,0.39114922285079956,0.0,861.1275024414062,878.10986328125,2.5071258544921875,0.002855139086022973,0.29904735336944444,1462209,1462209,2251202,673216,23.540422439575195,0.0764584019780159,0.03058336116373539
ShapeNet55,FULL,60,2245,6,True,True,-0.10165327042341232,0.10165327042341232,-3370.745361328125,521.7903442382812,63.548973083496094,0.12179024517536163,0.29904735336944444,1462209,1462209,2251202,673216,30.6361083984375,1.7915675640106201,0.7166270613670349
ShapeNet55,FULL,61,2277,15,True,False,0.2762995958328247,0.0,7294.166015625,258.369873046875,102.17709350585938,0.3954682946205139,0.29904735336944444,1462209,1462209,2251202,673216,23.18869400024414,1.0152149200439453,0.4060859680175781
ShapeNet55,FULL,62,2307,22,True,True,-0.5282378792762756,0.5282378792762756,-116073.015625,953.577880859375,230.4334716796875,0.24165144562721252,0.29904735336944444,1462209,1462209,2251202,673216,56.173404693603516,7.324069976806641,2.9296281337738037
ShapeNet55,FULL,63,2331,11,True,True,-0.30024540424346924,0.30024540424346924,-92.17935180664062,887.1441650390625,0.3460693061351776,0.0003900936571881175,0.29904735336944444,1462209,1462209,2251202,673216,16.779003143310547,0.0036418798845261335,0.0014567519538104534
ShapeNet55,FULL,64,2392,54,True,True,-0.041263941675424576,0.041263941675424576,-112.76887512207031,276.4052429199219,9.887175559997559,0.03577058017253876,0.29904735336944444,1462209,1462209,2251202,673216,22.714082717895508,0.07492826133966446,0.029971305280923843
ShapeNet55,FULL,65,2420,38,True,False,0.11788330227136612,0.0,0.3167044520378113,463.4783630371094,0.005796588025987148,1.2506707207649015e-05,0.29904735336944444,1462209,1462209,2251202,673216,40.0937385559082,9.131014667218551e-05,3.6524059396469966e-05
ShapeNet55,FULL,66,2479,42,True,False,0.04281878098845482,0.0,4.55861759185791,644.40869140625,0.16521042585372925,0.0002563752350397408,0.29904735336944444,1462209,1462209,2251202,673216,38.00297546386719,0.0019287331961095333,0.0007714933017268777
ShapeNet55,FULL,67,2495,7,True,True,-0.33804967999458313,0.33804967999458313,-14677.56640625,454.2204895019531,95.58875274658203,0.21044570207595825,0.29904735336944444,1462209,1462209,2251202,673216,16.8617000579834,1.2886937856674194,0.5154775381088257
ShapeNet55,FULL,68,2637,16,True,False,0.0690310075879097,0.0,0.3941724896430969,386.79217529296875,0.014762653037905693,3.816688695224002e-05,0.29904735336944444,1462209,1462209,2251202,673216,18.53924560546875,0.0002047805901383981,8.191223605535924e-05
ShapeNet55,FULL,69,2717,44,True,True,-0.41824907064437866,0.41824907064437866,-3.6957790851593018,496.0090026855469,0.017814820632338524,3.5916324122808874e-05,0.29904735336944444,1462209,1462209,2251202,673216,9.316193580627441,0.0002422039397060871,9.688158024800941e-05
ShapeNet55,FULL,70,2732,47,True,True,-0.25094541907310486,0.25094541907310486,-341.5674133300781,862.00146484375,1.5790255069732666,0.0018318130169063807,0.29904735336944444,1462209,1462209,2251202,673216,43.54212188720703,0.02922366000711918,0.011689464561641216
ShapeNet55,FULL,71,2793,32,True,True,-0.011521441861987114,0.011521441861987114,-6.161200046539307,280.0741271972656,1.909349799156189,0.006817301735281944,0.29904735336944444,1462209,1462209,2251202,673216,24.22265625,0.022858457639813423,0.009143383242189884
ShapeNet55,FULL,72,2822,38,True,False,0.03581787645816803,0.0,0.023220479488372803,255.6744842529297,0.002535618841648102,9.91737124422798e-06,0.29904735336944444,1462209,1462209,2251202,673216,38.18631362915039,2.6464111215318553e-05,1.0585644304228481e-05
ShapeNet55,FULL,73,2904,51,True,True,-0.539605975151062,0.539605975151062,-24749.146484375,820.5518188476562,55.89558029174805,0.06811950355768204,0.29904735336944444,1462209,1462209,2251202,673216,30.406902313232422,2.560100793838501,1.0240403413772583
ShapeNet55,FULL,74,2906,9,True,False,0.22267712652683258,0.0,1591.5152587890625,637.1946411132812,11.21664810180664,0.017603173851966858,0.29904735336944444,1462209,1462209,2251202,673216,28.52447509765625,0.1466463953256607,0.05865855887532234
ShapeNet55,FULL,75,2974,28,True,False,0.19085381925106049,0.0,1602.8358154296875,266.5636901855469,31.50555992126465,0.11819148808717728,0.29904735336944444,1462209,1462209,2251202,673216,22.45109748840332,1.292425513267517,0.5169702172279358
ShapeNet55,FULL,76,2997,16,True,True,-0.363304078578949,0.363304078578949,-1.0340497493743896,401.2449035644531,0.007093517575412989,1.7678772564977407e-05,0.29904735336944444,1462209,1462209,2251202,673216,20.093469619750977,5.817244164063595e-05,2.32689762924565e-05
ShapeNet55,FULL,77,3006,11,True,True,-0.34849444031715393,0.34849444031715393,-7.178859710693359,532.98681640625,0.038649436086416245,7.251480565173551e-05,0.29904735336944444,1462209,1462209,2251202,673216,18.28845977783203,0.0006998711614869535,0.0002799484645947814
ShapeNet55,FULL,78,3092,41,True,True,-0.2284475862979889,0.2284475862979889,-86.45211029052734,120.68771362304688,3.1356382369995117,0.025981420651078224,0.29904735336944444,1462209,1462209,2251202,673216,25.4476261138916,0.08944397419691086,0.03577759116888046
ShapeNet55,FULL,79,3107,21,True,False,0.07444094866514206,0.0,119.54729461669922,97.9021224975586,16.403470993041992,0.16754969954490662,0.29904735336944444,1462209,1462209,2251202,673216,13.394173622131348,0.20591938495635986,0.08236775547266006
ShapeNet55,FULL,80,3179,33,True,True,-0.21762797236442566,0.21762797236442566,-19813.984375,767.6260375976562,118.60620880126953,0.15451040863990784,0.29904735336944444,1462209,1462209,2251202,673216,25.892324447631836,11.380245208740234,4.552098274230957
ShapeNet55,FULL,81,3182,10,True,True,-0.13248606026172638,0.13248606026172638,-36.203575134277344,352.17840576171875,0.7759228944778442,0.0022032097913324833,0.29904735336944444,1462209,1462209,2251202,673216,18.728958129882812,0.018267018720507622,0.007306807674467564
ShapeNet55,FULL,82,3260,0,True,False,0.023166010156273842,0.0,1576.3973388671875,396.7898864746094,171.49595642089844,0.43220847845077515,0.29904735336944444,1462209,1462209,2251202,673216,11.071089744567871,5.324011325836182,2.1296045780181885
ShapeNet55,FULL,83,3327,29,True,False,0.317609578371048,0.0,21739.681640625,338.91937255859375,201.958984375,0.5958909392356873,0.29904735336944444,1462209,1462209,2251202,673216,13.571800231933594,7.704156875610352,3.081662893295288
ShapeNet55,FULL,84,3334,53,True,False,0.4258529543876648,0.0,26.898998260498047,612.7608642578125,0.10308261215686798,0.0001682264992268756,0.29904735336944444,1462209,1462209,2251202,673216,19.895212173461914,0.0008814025786705315,0.0003525610372889787
ShapeNet55,FULL,85,3339,39,True,False,0.2129295915365219,0.0,3.59956955909729,407.0509338378906,0.04153037071228027,0.00010202745761489496,0.29904735336944444,1462209,1462209,2251202,673216,16.640962600708008,0.0002699726028367877,0.0001079890425899066
ShapeNet55,FULL,86,3379,6,True,True,-0.13283570110797882,0.13283570110797882,-1263.218017578125,616.8829956054688,15.415609359741211,0.024989519268274307,0.29904735336944444,1462209,1462209,2251202,673216,26.305492401123047,0.32436805963516235,0.12974722683429718
ShapeNet55,FULL,87,3411,24,True,False,0.16560395061969757,0.0,150.73419189453125,1156.9210205078125,0.7867511510848999,0.0006800387636758387,0.29904735336944444,1462209,1462209,2251202,673216,94.66529083251953,0.005037591326981783,0.002015036530792713
ShapeNet55,FULL,88,3485,29,True,False,0.31818756461143494,0.0,2.2414193153381348,376.4087829589844,0.018714582547545433,4.971877206116915e-05,0.29904735336944444,1462209,1462209,2251202,673216,10.202361106872559,0.00024637524620629847,9.855010284809396e-05
ShapeNet55,FULL,89,3493,52,True,False,0.507566511631012,0.0,47592.0625,939.349609375,99.81925201416016,0.10626421868801117,0.29904735336944444,1462209,1462209,2251202,673216,21.283443450927734,0.7824288606643677,0.3129715621471405
ShapeNet55,FULL,90,3547,8,True,True,-0.06894850730895996,0.06894850730895996,-44.30479431152344,448.89398193359375,1.431469440460205,0.0031888808589428663,0.29904735336944444,1462209,1462209,2251202,673216,33.52555465698242,0.027226846665143967,0.010890739038586617
ShapeNet55,FULL,91,3625,13,True,True,-0.01000598818063736,0.01000598818063736,-14.974464416503906,426.4928283691406,3.508969306945801,0.008227499201893806,0.29904735336944444,1462209,1462209,2251202,673216,28.9827823638916,0.048747655004262924,0.01949906162917614
ShapeNet55,FULL,92,3676,51,True,True,-0.23991599678993225,0.23991599678993225,-18942.5859375,401.14642333984375,196.82359313964844,0.49065274000167847,0.29904735336944444,1462209,1462209,2251202,673216,10.449493408203125,8.901784896850586,3.56071400642395
ShapeNet55,FULL,93,3713,3,True,True,-0.25414004921913147,0.25414004921913147,-1718.8662109375,90.35443115234375,74.85477447509766,0.8284571766853333,0.29904735336944444,1462209,1462209,2251202,673216,18.755664825439453,2.8822851181030273,1.152914047241211
ShapeNet55,FULL,94,3734,23,True,False,0.3492095470428467,0.0,1.4224172830581665,869.6461791992188,0.00468379957601428,5.38586800757912e-06,0.29904735336944444,1462209,1462209,2251202,673216,41.063899993896484,3.015949550899677e-05,1.2063798749295529e-05
ShapeNet55,FULL,95,3769,30,True,False,0.2156497687101364,0.0,633.796875,832.0932006835938,3.5320684909820557,0.004244799260050058,0.29904735336944444,1462209,1462209,2251202,673216,22.475297927856445,0.035944972187280655,0.014377988874912262
ShapeNet55,FULL,96,3823,37,True,True,-0.06181342527270317,0.06181342527270317,-611.9068603515625,396.0221862792969,24.99671745300293,0.06311948597431183,0.29904735336944444,1462209,1462209,2251202,673216,18.47117805480957,0.26171156764030457,0.10468462854623795
ShapeNet55,FULL,97,4025,21,True,False,0.2860848009586334,0.0,2303.16015625,190.6038055419922,42.237457275390625,0.22159817814826965,0.29904735336944444,1462209,1462209,2251202,673216,22.732351303100586,0.48311519622802734,0.19324608147144318
ShapeNet55,FULL,98,4059,45,True,False,0.3623051643371582,0.0,21335.322265625,413.278564453125,142.48915100097656,0.34477749466896057,0.29904735336944444,1462209,1462209,2251202,673216,14.752044677734375,6.901232719421387,2.760493040084839
ShapeNet55,FULL,99,4084,30,True,False,0.055462129414081573,0.0,30.10504722595215,580.7921142578125,0.9345919489860535,0.0016091677825897932,0.29904735336944444,1462209,1462209,2251202,673216,17.997037887573242,0.009746228344738483,0.003898491384461522
ShapeNet55,FULL,100,4127,26,True,True,-0.45683732628822327,0.45683732628822327,-24.2458553314209,666.0717163085938,0.07968103140592575,0.00011962830467382446,0.29904735336944444,1462209,1462209,2251202,673216,13.883922576904297,0.0005469018360599875,0.00021876073151361197
ShapeNet55,FULL,101,4185,50,True,False,0.07392136752605438,0.0,34.588523864746094,148.12838745117188,3.158811569213867,0.021324822679162025,0.29904735336944444,1462209,1462209,2251202,673216,8.754148483276367,0.5893335938453674,0.23573343455791473
ShapeNet55,FULL,102,4214,53,True,False,0.037806592881679535,0.0,287.4386291503906,421.827392578125,18.023653030395508,0.04272755607962608,0.29904735336944444,1462209,1462209,2251202,673216,36.786373138427734,0.17261290550231934,0.06904516369104385
ShapeNet55,FULL,103,4235,49,True,False,0.2905493378639221,0.0,204.17477416992188,222.40830993652344,3.159593105316162,0.014206272549927235,0.29904735336944444,1462209,1462209,2251202,673216,19.488252639770508,0.03739246726036072,0.014956987462937832
ShapeNet55,FULL,104,4243,41,True,False,0.28126761317253113,0.0,4405.6904296875,224.89297485351562,69.6495590209961,0.3097009062767029,0.29904735336944444,1462209,1462209,2251202,673216,15.857952117919922,0.5501241683959961,0.2200496643781662
ShapeNet55,FULL,105,4342,10,True,False,0.3303034007549286,0.0,670.9228515625,572.3659057617188,3.548834800720215,0.006200290285050869,0.29904735336944444,1462209,1462209,2251202,673216,25.214059829711914,0.054618556052446365,0.021847423166036606
ShapeNet55,FULL,106,4463,47,True,False,0.08633463829755783,0.0,1.765590786933899,452.1238098144531,0.04523218795657158,0.00010004380601458251,0.29904735336944444,1462209,1462209,2251202,673216,24.600183486938477,0.0007443041540682316,0.0002977216790895909
ShapeNet55,FULL,107,4535,1,True,True,-0.509401798248291,0.509401798248291,-11083.6181640625,298.75439453125,72.82940673828125,0.2437768578529358,0.29904735336944444,1462209,1462209,2251202,673216,23.206493377685547,1.3006330728530884,0.5202532410621643
ShapeNet55,FULL,108,4541,18,True,True,-0.01604178547859192,0.01604178547859192,-0.3970735967159271,296.7163391113281,0.08342128247022629,0.00028114827000536025,0.29904735336944444,1462209,1462209,2251202,673216,18.656986236572266,0.0015399513067677617,0.0006159805343486369
ShapeNet55,FULL,109,4595,48,True,False,0.037131037563085556,0.0,21.0159969329834,214.5814208984375,2.637672185897827,0.012292173691093922,0.29904735336944444,1462209,1462209,2251202,673216,21.802690505981445,0.04220687597990036,0.016882751137018204
ShapeNet55,FULL,110,4599,43,True,True,-0.580812394618988,0.580812394618988,-37203.31640625,386.9053955078125,165.55450439453125,0.4278940260410309,0.29904735336944444,1462209,1462209,2251202,673216,15.778275489807129,4.953752517700195,1.9815009832382202
ShapeNet55,FULL,111,4765,47,True,True,-0.07259827107191086,0.07259827107191086,-17.75615119934082,696.1267700195312,0.35134536027908325,0.0005047146114520729,0.29904735336944444,1462209,1462209,2251202,673216,34.766788482666016,0.01287328265607357,0.005149313248693943
ShapeNet55,FULL,112,4785,10,True,False,0.44978591799736023,0.0,285.3755187988281,225.76339721679688,2.8103301525115967,0.01244812086224556,0.29904735336944444,1462209,1462209,2251202,673216,27.129642486572266,0.06712646037340164,0.026850584894418716
ShapeNet55,FULL,113,4800,35,True,True,-0.07822265475988388,0.07822265475988388,-622.9852294921875,402.7964172363281,19.772409439086914,0.049087848514318466,0.29904735336944444,1462209,1462209,2251202,673216,31.034502029418945,0.2906174957752228,0.11624699831008911
ShapeNet55,FULL,114,4860,0,True,False,0.18784750998020172,0.0,1.3876891136169434,370.704345703125,0.01992778666317463,5.375655018724501e-05,0.29904735336944444,1462209,1462209,2251202,673216,9.167197227478027,0.00021264675888232887,8.505870209774002e-05
ShapeNet55,FULL,115,5054,41,True,False,0.1839737445116043,0.0,763.0094604492188,344.3179626464844,12.045209884643555,0.03498281165957451,0.29904735336944444,1462209,1462209,2251202,673216,51.06340789794922,0.20721478760242462,0.08288591355085373
ShapeNet55,FULL,116,5143,7,True,False,0.40794822573661804,0.0,41017.51171875,437.4253845214844,229.8583526611328,0.5254801511764526,0.29904735336944444,1462209,1462209,2251202,673216,33.845848083496094,7.004275321960449,2.8017101287841797
ShapeNet55,FULL,117,5168,2,True,True,-0.25062140822410583,0.25062140822410583,-4516.04296875,130.31822204589844,138.2721710205078,1.0610347986221313,0.29904735336944444,1462209,1462209,2251202,673216,13.394318580627441,5.495800018310547,2.198320150375366
ShapeNet55,FULL,118,5185,21,True,True,-0.23527520895004272,0.23527520895004272,-1342.6563720703125,130.51478576660156,43.72491455078125,0.3350188732147217,0.29904735336944444,1462209,1462209,2251202,673216,17.49815559387207,0.5914916396141052,0.23659665882587433
ShapeNet55,FULL,119,5188,45,True,False,0.19275614619255066,0.0,17369.5078125,791.7427368164062,113.81387329101562,0.1437510848045349,0.29904735336944444,1462209,1462209,2251202,673216,29.48003578186035,4.001981735229492,1.6007927656173706
ShapeNet55,FULL,120,5239,4,True,False,0.34428828954696655,0.0,29.97423553466797,592.5930786132812,0.14691607654094696,0.0002479206887073815,0.29904735336944444,1462209,1462209,2251202,673216,28.408044815063477,0.0011544713051989675,0.0004617885279003531
ShapeNet55,FULL,121,5255,22,True,True,-0.30725789070129395,0.30725789070129395,-572.6298828125,318.1507263183594,5.857847213745117,0.01841217651963234,0.29904735336944444,1462209,1462209,2251202,673216,21.792390823364258,0.0656796470284462,0.02627185918390751
ShapeNet55,FULL,122,5310,31,True,True,-0.19486390054225922,0.19486390054225922,-2255.43896484375,797.1122436523438,14.520454406738281,0.018216323107481003,0.29904735336944444,1462209,1462209,2251202,673216,24.15535545349121,0.1522582322359085,0.060903292149305344
ShapeNet55,FULL,123,5347,46,True,True,-0.14895372092723846,0.14895372092723846,-0.9435780048370361,208.9864044189453,0.030311569571495056,0.00014504087448585778,0.29904735336944444,1462209,1462209,2251202,673216,13.472933769226074,0.00034671969478949904,0.00013868788664694875
ShapeNet55,FULL,124,5442,34,True,False,0.28488755226135254,0.0,6380.1123046875,435.7867431640625,51.390262603759766,0.1179252564907074,0.29904735336944444,1462209,1462209,2251202,673216,23.733684539794922,3.7982430458068848,1.5192972421646118
ShapeNet55,FULL,125,5475,33,True,True,-0.04652129113674164,0.04652129113674164,-2487.866943359375,494.0655212402344,108.24076080322266,0.2190817892551422,0.29904735336944444,1462209,1462209,2251202,673216,18.126340866088867,4.875442028045654,1.9501768350601196
ShapeNet55,FULL,126,5485,1,True,False,0.39663830399513245,0.0,6525.69384765625,183.099853515625,89.8553695678711,0.4907451868057251,0.29904735336944444,1462209,1462209,2251202,673216,23.373748779296875,3.927626371383667,1.5710505247116089
ShapeNet55,FULL,127,5547,35,True,True,-0.10427756607532501,0.10427756607532501,-1391.9140625,264.7117614746094,50.42527770996094,0.19049125909805298,0.29904735336944444,1462209,1462209,2251202,673216,17.26267433166504,0.6342519521713257,0.25370079278945923
ShapeNet55,FULL,128,5564,26,True,False,0.11430375277996063,0.0,0.28796321153640747,237.99290466308594,0.010585527867078781,4.447833271115087e-05,0.29904735336944444,1462209,1462209,2251202,673216,9.004328727722168,7.795983401592821e-05,3.118393578915857e-05
ShapeNet55,FULL,129,5580,27,True,True,-0.061832182109355927,0.061832182109355927,-34.90047836303711,425.6305847167969,1.3261234760284424,0.0031156677287071943,0.29904735336944444,1462209,1462209,2251202,673216,43.29533386230469,0.013953043147921562,0.005581217352300882
ShapeNet55,FULL,130,5623,1,True,True,-0.08632422983646393,0.08632422983646393,-315.2915344238281,210.71058654785156,17.333778381347656,0.08226343989372253,0.29904735336944444,1462209,1462209,2251202,673216,15.878137588500977,0.6613468527793884,0.2645387351512909
ShapeNet55,FULL,131,5649,5,True,True,-0.126659095287323,0.126659095287323,-537.5706176757812,350.71771240234375,12.101563453674316,0.03450514003634453,0.29904735336944444,1462209,1462209,2251202,673216,21.362062454223633,0.10600236803293228,0.04240094870328903
ShapeNet55,FULL,132,5714,20,True,False,0.16283653676509857,0.0,80.83711242675781,441.3656311035156,1.1247614622116089,0.002548366552218795,0.29904735336944444,1462209,1462209,2251202,673216,13.642572402954102,0.016266366466879845,0.00650654686614871
ShapeNet55,FULL,133,5875,20,True,False,0.39435485005378723,0.0,3520.989990234375,365.5085754394531,24.42755699157715,0.06683169305324554,0.29904735336944444,1462209,1462209,2251202,673216,10.818833351135254,0.213192880153656,0.08527715504169464
ShapeNet55,FULL,134,5888,34,True,False,0.5885962843894958,0.0,92631.5,2185.403076171875,72.01278686523438,0.032951720058918,0.29904735336944444,1462209,1462209,2251202,673216,48.54042053222656,2.028026580810547,0.8112106323242188
ShapeNet55,FULL,135,5987,35,True,True,-0.1264512836933136,0.1264512836933136,-286.1040954589844,273.4814758300781,8.273188591003418,0.030251367017626762,0.29904735336944444,1462209,1462209,2251202,673216,17.83844566345215,0.11133910715579987,0.044535644352436066
ShapeNet55,FULL,136,6004,13,True,True,-0.01959584467113018,0.01959584467113018,-509.0578918457031,385.43975830078125,67.39794921875,0.174859881401062,0.29904735336944444,1462209,1462209,2251202,673216,47.345123291015625,1.323094367980957,0.5292377471923828
ShapeNet55,FULL,137,6053,43,True,True,-0.6509221196174622,0.6509221196174622,-69333.1953125,681.1287231445312,156.38064575195312,0.22959044575691223,0.29904735336944444,1462209,1462209,2251202,673216,18.114543914794922,2.568086862564087,1.0272347927093506
ShapeNet55,FULL,138,6065,8,True,False,0.2640099823474884,0.0,27008.59765625,736.5101928710938,138.9002227783203,0.18859240412712097,0.29904735336944444,1462209,1462209,2251202,673216,45.111087799072266,5.46258544921875,2.1850342750549316
ShapeNet55,FULL,139,6228,1,True,True,-0.05733094736933708,0.05733094736933708,-378.12628173828125,322.28057861328125,20.465087890625,0.06350084394216537,0.29904735336944444,1462209,1462209,2251202,673216,17.82942008972168,0.6168899536132812,0.24675598740577698
ShapeNet55,FULL,140,6275,53,True,False,0.07777383178472519,0.0,25.252094268798828,1320.14501953125,0.24594742059707642,0.00018630333943292499,0.29904735336944444,1462209,1462209,2251202,673216,43.80959701538086,0.0027562507893890142,0.0011025003623217344
ShapeNet55,FULL,141,6279,7,True,True,-0.09897436946630478,0.09897436946630478,-9413.2666015625,390.66448974609375,243.45217895507812,0.6231746077537537,0.29904735336944444,1462209,1462209,2251202,673216,33.805564880371094,8.573386192321777,3.429354429244995
ShapeNet55,FULL,142,6312,21,True,False,0.20840494334697723,0.0,2975.552978515625,155.0039825439453,92.11212921142578,0.5942565202713013,0.29904735336944444,1462209,1462209,2251202,673216,15.92029094696045,2.861076593399048,1.1444306373596191
ShapeNet55,FULL,143,6339,36,True,True,-0.2030172497034073,0.2030172497034073,-0.006693996023386717,362.879638671875,9.086359204957262e-05,2.5039594220288564e-07,0.2989904948556371,1462209,1462081,2251202,673088,18.708288192749023,9.536738616588991e-07,3.814695617165853e-07
ShapeNet55,FULL,144,6543,32,True,True,-0.17278383672237396,0.17278383672237396,-2.092062473297119,295.3114318847656,0.04100070148706436,0.00013883886276744306,0.29904735336944444,1462209,1462209,2251202,673216,25.311609268188477,0.0009457168052904308,0.0003782867279369384
ShapeNet55,FULL,145,6590,19,True,False,0.09069348871707916,0.0,0.08548435568809509,135.3964385986328,0.006961507722735405,5.1415736379567534e-05,0.29904735336944444,1462209,1462209,2251202,673216,20.679473876953125,0.000129691296024248,5.187651913729496e-05
ShapeNet55,FULL,146,6628,6,True,False,0.21410109102725983,0.0,195.44956970214844,1175.3712158203125,0.7766776084899902,0.0006607934483326972,0.29904735336944444,1462209,1462209,2251202,673216,48.64698791503906,0.009691095910966396,0.0038764383643865585
ShapeNet55,FULL,147,6648,33,True,False,0.18349461257457733,0.0,2499.36865234375,337.79229736328125,40.32341003417969,0.1193733885884285,0.29904735336944444,1462209,1462209,2251202,673216,25.399688720703125,0.5657206773757935,0.22628827393054962
ShapeNet55,FULL,148,6752,24,True,True,-0.20666539669036865,0.20666539669036865,-2406.555908203125,1508.80517578125,7.717826843261719,0.005115190986543894,0.29904735336944444,1462209,1462209,2251202,673216,89.53468322753906,0.05776343494653702,0.023105373606085777
ShapeNet55,FULL,149,6761,17,True,True,-0.0050151231698691845,0.0050151231698691845,-9.346511840820312,260.0470886230469,7.1666460037231445,0.027559032663702965,0.29904735336944444,1462209,1462209,2251202,673216,12.628008842468262,0.9945607781410217,0.39782431721687317
ShapeNet55,FULL,150,6817,38,True,True,-0.7618826627731323,0.7618826627731323,-497.82879638671875,1082.3626708984375,0.6036971211433411,0.0005577586125582457,0.29904735336944444,1462209,1462209,2251202,673216,22.585657119750977,0.0037798879202455282,0.0015119551680982113
ShapeNet55,FULL,151,6998,18,True,True,-0.14599609375,0.14599609375,-18.62169647216797,390.233154296875,0.32685402035713196,0.0008375864708796144,0.29904735336944444,1462209,1462209,2251202,673216,20.87955093383789,0.0031197231728583574,0.0012478892458602786
ShapeNet55,FULL,152,7119,36,True,False,0.23616869747638702,0.0,0.06722061336040497,453.22760009765625,0.0006280060042627156,1.3856305258741486e-06,0.2989904948556371,1462209,1462081,2251202,673088,16.19751739501953,6.079655122448457e-06,2.4318621854035882e-06
ShapeNet55,FULL,153,7138,54,True,True,-0.10318154841661453,0.10318154841661453,-362.43756103515625,352.9554748535156,9.952019691467285,0.028196247294545174,0.29904735336944444,1462209,1462209,2251202,673216,39.33869552612305,0.0840560644865036,0.03362242504954338
ShapeNet55,FULL,154,7156,50,True,True,-0.15443402528762817,0.15443402528762817,-339.1725769042969,113.95501708984375,19.272775650024414,0.16912616789340973,0.29904735336944444,1462209,1462209,2251202,673216,8.066271781921387,0.9789075255393982,0.3915630280971527
ShapeNet55,FULL,155,7184,20,True,True,-0.01292793545871973,0.01292793545871973,-830.0057983398438,688.1104125976562,93.30261993408203,0.135592520236969,0.29904735336944444,1462209,1462209,2251202,673216,15.715187072753906,0.7339965105056763,0.29359862208366394
ShapeNet55,FULL,156,7245,2,True,True,-0.4489036500453949,0.4489036500453949,-9.673952102661133,476.2696228027344,0.045247845351696014,9.500468149781227e-05,0.29904735336944444,1462209,1462209,2251202,673216,20.0399112701416,0.00021681819634977728,8.672728290548548e-05
ShapeNet55,FULL,157,7265,41,True,True,-0.26648369431495667,0.26648369431495667,-4073.20556640625,509.7980651855469,29.98247718811035,0.0588124580681324,0.29904735336944444,1462209,1462209,2251202,673216,39.68153762817383,1.4873476028442383,0.5949390530586243
ShapeNet55,FULL,158,7287,54,True,False,0.1169179379940033,0.0,771.8008422851562,156.06309509277344,42.29839324951172,0.27103391289711,0.29904735336944444,1462209,1462209,2251202,673216,25.0927677154541,0.8012295961380005,0.32049185037612915
ShapeNet55,FULL,159,7480,33,True,True,-0.2748202383518219,0.2748202383518219,-16191.6533203125,631.126708984375,93.35249328613281,0.14791402220726013,0.29904735336944444,1462209,1462209,2251202,673216,40.45737838745117,8.49599838256836,3.3983993530273438
ShapeNet55,FULL,160,7569,31,True,True,-0.0933186411857605,0.0933186411857605,-4.780457973480225,211.0467529296875,0.24272942543029785,0.0011501215631142259,0.29904735336944444,1462209,1462209,2251202,673216,10.581207275390625,0.005231144838035107,0.002092458074912429
ShapeNet55,FULL,161,7602,40,True,True,-0.08565345406532288,0.08565345406532288,-68.68437194824219,633.8555908203125,1.2650938034057617,0.0019958706106990576,0.29904735336944444,1462209,1462209,2251202,673216,16.2319393157959,0.03762371838092804,0.015049487352371216
ShapeNet55,FULL,162,7642,43,True,True,-0.04598395153880119,0.04598395153880119,-1531.4576416015625,615.630126953125,54.09770202636719,0.08787370473146439,0.29904735336944444,1462209,1462209,2251202,673216,17.75418472290039,3.646233320236206,1.4584933519363403
ShapeNet55,FULL,163,7699,34,True,False,0.2143256664276123,0.0,31476.03515625,994.0446166992188,147.74063110351562,0.14862576127052307,0.29904735336944444,1462209,1462209,2251202,673216,25.245588302612305,4.550042152404785,1.820016860961914
ShapeNet55,FULL,164,7700,50,True,True,-0.25436508655548096,0.25436508655548096,-2132.642333984375,224.66883850097656,37.31794357299805,0.16610200703144073,0.29904735336944444,1462209,1462209,2251202,673216,10.066169738769531,1.1995596885681152,0.47982388734817505
ShapeNet55,FULL,165,7768,32,True,False,0.3643653690814972,0.0,2279.47265625,501.1264343261719,12.483891487121582,0.024911660701036453,0.29904735336944444,1462209,1462209,2251202,673216,23.385448455810547,0.16705021262168884,0.06682008504867554
ShapeNet55,FULL,166,7805,40,True,False,0.4226053059101105,0.0,14083.0908203125,719.669921875,46.30519104003906,0.06434226036071777,0.29904735336944444,1462209,1462209,2251202,673216,31.130929946899414,0.8683964610099792,0.3473585844039917
ShapeNet55,FULL,167,7822,43,True,True,-0.19308456778526306,0.19308456778526306,-1441.2236328125,1125.981689453125,6.629068374633789,0.0058873677626252174,0.29904735336944444,1462209,1462209,2251202,673216,20.231002807617188,0.10666830092668533,0.04266732186079025
ShapeNet55,FULL,168,7912,48,True,False,0.17729593813419342,0.0,2293.871826171875,217.13412475585938,59.585731506347656,0.27441900968551636,0.29904735336944444,1462209,1462209,2251202,673216,35.1941032409668,1.0733482837677002,0.42933931946754456
ShapeNet55,FULL,169,7935,42,True,False,0.1197802945971489,0.0,873.8333740234375,583.2301025390625,12.508444786071777,0.021446842700242996,0.29904735336944444,1462209,1462209,2251202,673216,39.90235900878906,0.14158499240875244,0.056633997708559036
ShapeNet55,FULL,170,8091,14,True,True,-0.4364825487136841,0.4364825487136841,-13639.7763671875,325.7472839355469,95.9311294555664,0.294495552778244,0.29904735336944444,1462209,1462209,2251202,673216,19.12160301208496,2.025536298751831,0.8102145195007324
ShapeNet55,FULL,171,8142,27,True,True,-0.10365788638591766,0.10365788638591766,-4.627038955688477,705.4671020507812,0.06327381730079651,8.969067130237818e-05,0.29904735336944444,1462209,1462209,2251202,673216,35.659629821777344,0.000583597575314343,0.0002334390301257372
ShapeNet55,FULL,172,8205,10,True,False,0.11447259783744812,0.0,69.55715942382812,459.2293701171875,1.3231548070907593,0.0028812503442168236,0.29904735336944444,1462209,1462209,2251202,673216,20.99805450439453,0.02439085766673088,0.009756343439221382
ShapeNet55,FULL,173,8242,46,True,False,0.1572631597518921,0.0,3.9815597534179688,208.19882202148438,0.12160402536392212,0.0005840764497406781,0.29904735336944444,1462209,1462209,2251202,673216,6.828268527984619,0.0009182051289826632,0.00036728204577229917
ShapeNet55,FULL,174,8297,8,True,False,0.15366458892822266,0.0,505.37835693359375,336.68988037109375,9.768160820007324,0.029012339189648628,0.29904735336944444,1462209,1462209,2251202,673216,15.161544799804688,0.2937730550765991,0.11750922352075577
ShapeNet55,FULL,175,8358,4,True,False,0.23450343310832977,0.0,26.43731689453125,475.3159484863281,0.23718422651290894,0.0004990032757632434,0.29904735336944444,1462209,1462209,2251202,673216,27.499034881591797,0.004034950863569975,0.0016139803919941187
ShapeNet55,FULL,176,8392,44,True,False,0.17266176640987396,0.0,15.865473747253418,405.5810852050781,0.2265578657388687,0.0005586006445810199,0.29904735336944444,1462209,1462209,2251202,673216,8.195418357849121,0.0028962830547243357,0.0011585132451727986
ShapeNet55,FULL,177,8535,24,True,True,-0.35512179136276245,0.35512179136276245,-2686.900634765625,5101.99267578125,1.4829771518707275,0.0002906662703026086,0.29904735336944444,1462209,1462209,2251202,673216,72.64859008789062,0.009840430691838264,0.003936172462999821
ShapeNet55,FULL,178,8608,2,True,False,0.4136502742767334,0.0,11327.638671875,252.79185485839844,108.32856750488281,0.42852869629859924,0.29904735336944444,1462209,1462209,2251202,673216,18.64370346069336,4.107332229614258,1.6429328918457031
ShapeNet55,FULL,179,8673,37,True,True,-0.25431692600250244,0.25431692600250244,-11268.3134765625,372.0032958984375,119.10688018798828,0.32017695903778076,0.29904735336944444,1462209,1462209,2251202,673216,14.995136260986328,4.129952430725098,1.651980996131897
ShapeNet55,FULL,180,8742,6,True,True,-0.09956188499927521,0.09956188499927521,-314.3560791015625,369.0693359375,8.555015563964844,0.02317996881902218,0.29904735336944444,1462209,1462209,2251202,673216,23.716415405273438,0.11944136768579483,0.04777654632925987
ShapeNet55,FULL,181,8749,28,True,False,0.3242628276348114,0.0,1363.2379150390625,493.2393798828125,8.523476600646973,0.017280608415603638,0.29904735336944444,1462209,1462209,2251202,673216,25.49047088623047,0.17220455408096313,0.06888182461261749
ShapeNet55,FULL,182,8919,39,True,True,-0.002369427355006337,0.002369427355006337,-141.3726043701172,591.0736694335938,100.94393920898438,0.17078064382076263,0.29904735336944444,1462209,1462209,2251202,673216,37.351009368896484,3.632166624069214,1.4528666734695435
ShapeNet55,FULL,183,8928,25,True,True,-0.2864641547203064,0.2864641547203064,-18641.427734375,559.857666015625,116.23348236083984,0.2076125591993332,0.29904735336944444,1462209,1462209,2251202,673216,20.868640899658203,3.954793691635132,1.5819175243377686
ShapeNet55,FULL,184,8930,2,True,True,-0.19151079654693604,0.19151079654693604,-6874.85302734375,403.4695739746094,88.97322845458984,0.2205202877521515,0.29904735336944444,1462209,1462209,2251202,673216,23.980106353759766,6.343409538269043,2.5373637676239014
ShapeNet55,FULL,185,8978,46,True,True,-0.10961924493312836,0.10961924493312836,-0.44930827617645264,332.1750793457031,0.012339301407337189,3.714697959367186e-05,0.29904735336944444,1462209,1462209,2251202,673216,10.629950523376465,0.00016378014697693288,6.551206024596468e-05
ShapeNet55,FULL,186,8993,46,True,False,0.01422820333391428,0.0,407.10546875,413.4425048828125,69.20568084716797,0.1673888862133026,0.29904735336944444,1462209,1462209,2251202,673216,12.854723930358887,1.2977138757705688,0.5190855860710144
ShapeNet55,FULL,187,8996,40,True,True,-0.2977559268474579,0.2977559268474579,-538.1065063476562,444.4876403808594,4.065820217132568,0.00914720632135868,0.29904735336944444,1462209,1462209,2251202,673216,16.720212936401367,0.08384627103805542,0.03353850916028023
ShapeNet55,FULL,188,9012,25,True,True,-0.09018442779779434,0.09018442779779434,-1886.2786865234375,264.9823303222656,78.93277740478516,0.2978793978691101,0.29904735336944444,1462209,1462209,2251202,673216,18.784534454345703,2.3723862171173096,0.9489545226097107
ShapeNet55,FULL,189,9050,53,True,False,0.3489980697631836,0.0,3.2500596046447754,584.1270751953125,0.015942666679620743,2.729314837779384e-05,0.29904735336944444,1462209,1462209,2251202,673216,18.16299057006836,0.0001512651506345719,6.0506059526233e-05
ShapeNet55,FULL,190,9053,49,True,True,-0.04577420651912689,0.04577420651912689,-1.9664702415466309,566.3890380859375,0.07584932446479797,0.0001339173613814637,0.29904735336944444,1462209,1462209,2251202,673216,23.663576126098633,0.0011205353075638413,0.00044821412302553654
ShapeNet55,FULL,191,9146,18,True,True,-0.08862565457820892,0.08862565457820892,-0.1577339768409729,295.81439208984375,0.006016535684466362,2.0338888134574518e-05,0.29904735336944444,1462209,1462209,2251202,673216,15.217463493347168,0.00010442188795423135,4.176875518169254e-05
ShapeNet55,FULL,192,9170,30,True,False,0.3549087941646576,0.0,567.704833984375,1490.9290771484375,1.0728743076324463,0.0007196011720225215,0.29904735336944444,1462209,1462209,2251202,673216,36.58725357055664,0.00811553094536066,0.0032462123781442642
ShapeNet55,FULL,193,9180,23,True,False,0.3397398591041565,0.0,235.2137908935547,501.6131286621094,1.3802169561386108,0.0027515566907823086,0.29904735336944444,1462209,1462209,2251202,673216,23.05491065979004,0.008732938207685947,0.0034931753762066364
ShapeNet55,FULL,194,9269,25,True,True,-0.15587852895259857,0.15587852895259857,-1313.0111083984375,226.35052490234375,37.21350860595703,0.16440655291080475,0.29904735336944444,1462209,1462209,2251202,673216,19.242443084716797,0.2555546164512634,0.10222184658050537
ShapeNet55,FULL,195,9318,19,True,True,-0.08650949597358704,0.08650949597358704,-6.216805934906006,79.776611328125,0.9007991552352905,0.011291519738733768,0.29904735336944444,1462209,1462209,2251202,673216,9.68132209777832,0.012079891748726368,0.004831956699490547
ShapeNet55,FULL,196,9329,9,True,False,0.5105351805686951,0.0,10.341014862060547,475.6103515625,0.042587898671627045,8.954367513069883e-05,0.29904735336944444,1462209,1462209,2251202,673216,15.619489669799805,0.0003545847721397877,0.00014183390885591507
ShapeNet55,FULL,197,9418,38,True,False,0.005433032289147377,0.0,3.571369171142578,535.1581420898438,1.2283165454864502,0.002295240294188261,0.29904735336944444,1462209,1462209,2251202,673216,26.2980899810791,0.010488978587090969,0.004195591434836388
ShapeNet55,FULL,198,9530,28,True,True,-0.1256411373615265,0.1256411373615265,-5097.28369140625,690.6780395507812,58.73964309692383,0.08504634350538254,0.29904735336944444,1462209,1462209,2251202,673216,58.879722595214844,1.5747696161270142,0.6299078464508057
ShapeNet55,FULL,199,9531,44,True,False,0.48306119441986084,0.0,67.0784912109375,335.6863708496094,0.41366371512413025,0.0012322922702878714,0.29904735336944444,1462209,1462209,2251202,673216,8.810620307922363,0.0051516881212592125,0.0020606752950698137
ShapeNet55,FULL,200,9541,39,True,True,-0.29963698983192444,0.29963698983192444,-19.874923706054688,714.346923828125,0.09285406023263931,0.00012998454621993005,0.29904735336944444,1462209,1462209,2251202,673216,31.9852237701416,0.0008659188752062619,0.000346367567544803
ShapeNet55,FULL,201,9556,28,True,False,0.506335973739624,0.0,4560.1796875,350.14422607421875,25.721492767333984,0.07345970720052719,0.29904735336944444,1462209,1462209,2251202,673216,26.09721565246582,0.5889987349510193,0.23559950292110443
ShapeNet55,FULL,202,9584,11,True,True,-0.31873074173927307,0.31873074173927307,-1314.884033203125,440.1541442871094,9.372570037841797,0.02129383571445942,0.29904735336944444,1462209,1462209,2251202,673216,15.104120254516602,0.091529980301857,0.03661199286580086
ShapeNet55,FULL,203,9608,48,True,True,-0.7512792944908142,0.7512792944908142,-13566.119140625,252.99053955078125,71.37562561035156,0.28212764859199524,0.29904735336944444,1462209,1462209,2251202,673216,14.782917976379395,4.72562313079834,1.890249252319336
ShapeNet55,FULL,204,9669,0,True,True,-0.1150016039609909,0.1150016039609909,-0.07398728281259537,807.0870361328125,0.0007971366867423058,9.87671228358522e-07,0.2989904948556371,1462209,1462081,2251202,673088,24.889238357543945,1.3828182090946939e-05,5.531273018277716e-06
ShapeNet55,FULL,205,9747,0,True,False,0.19060319662094116,0.0,0.17977942526340485,729.9729614257812,0.0012921205488964915,1.770093717823329e-06,0.2989904948556371,1462209,1462081,2251202,673088,18.389663696289062,1.5735502529423684e-05,6.294201284617884e-06
ShapeNet55,FULL,206,9795,18,True,False,0.12443017959594727,0.0,60.72417449951172,481.03167724609375,1.0145237445831299,0.002109057968482375,0.29904735336944444,1462209,1462209,2251202,673216,39.646507263183594,0.035731393843889236,0.01429255772382021
ShapeNet55,FULL,207,9938,49,True,True,-0.3586706519126892,0.3586706519126892,-37.58256149291992,700.1468505859375,0.14965850114822388,0.00021375301002990454,0.29904735336944444,1462209,1462209,2251202,673216,23.001344680786133,0.002036403864622116,0.0008145615574903786
ShapeNet55,FULL,208,9996,20,True,False,0.28995129466056824,0.0,54.67122268676758,361.49981689453125,0.5215857028961182,0.00144283811096102,0.29904735336944444,1462209,1462209,2251202,673216,10.540903091430664,0.008385921828448772,0.003354368731379509
ShapeNet55,FULL,209,10012,13,True,False,0.09708068519830704,0.0,55.5106086730957,640.048583984375,0.8933676481246948,0.00139578094240278,0.29904735336944444,1462209,1462209,2251202,673216,47.843482971191406,0.005490817129611969,0.0021963268518447876
ShapeNet55,FULL,210,10041,29,True,False,0.4988308548927307,0.0,0.8784807920455933,451.1876525878906,0.0039032085333019495,8.650964446133003e-06,0.29904735336944444,1462209,1462209,2251202,673216,9.628702163696289,3.58813522325363e-05,1.4352541256812401e-05
ShapeNet55,FULL,211,10085,3,True,False,0.32848694920539856,0.0,214.92897033691406,199.41651916503906,3.281071424484253,0.01645335741341114,0.29904735336944444,1462209,1462209,2251202,673216,17.00771141052246,0.039793290197849274,0.01591731607913971
ShapeNet55,FULL,212,10115,19,True,False,0.30785852670669556,0.0,16175.8544921875,345.3204345703125,152.1576385498047,0.4406273663043976,0.29904735336944444,1462209,1462209,2251202,673216,18.342464447021484,3.744755744934082,1.497902274131775
ShapeNet55,FULL,213,10220,17,True,False,0.14196451008319855,0.0,399.4322509765625,337.6193542480469,8.333664894104004,0.02468361146748066,0.29904735336944444,1462209,1462209,2251202,673216,19.329818725585938,0.7876254320144653,0.3150501847267151
ShapeNet55,FULL,214,10242,4,True,False,0.32509636878967285,0.0,182.73329162597656,435.1971130371094,1.2915747165679932,0.0029677925631403923,0.29904735336944444,1462209,1462209,2251202,673216,21.450910568237305,0.01763075962662697,0.00705230375751853
ShapeNet55,FULL,215,10288,37,True,True,-0.12000463902950287,0.12000463902950287,-23.194730758666992,221.50892639160156,0.8725695610046387,0.003939207177609205,0.29904735336944444,1462209,1462209,2251202,673216,23.85689926147461,0.010960021987557411,0.004384008701890707
ShapeNet55,FULL,216,10372,29,True,True,-0.3773139417171478,0.3773139417171478,-165.83154296875,420.63726806640625,1.0448561906814575,0.002483983989804983,0.29904735336944444,1462209,1462209,2251202,673216,9.039948463439941,0.00722876749932766,0.002891506999731064
ShapeNet55,FULL,217,10449,32,True,True,-0.05864940211176872,0.05864940211176872,-0.5203269720077515,344.75927734375,0.025733377784490585,7.464158261427656e-05,0.29904735336944444,1462209,1462209,2251202,673216,25.414920806884766,0.00044919890933670104,0.0001796795695554465
ShapeNet55,FULL,218,10471,44,True,False,0.12372178584337234,0.0,391.57684326171875,409.6059875488281,7.72688627243042,0.018864192068576813,0.29904735336944444,1462209,1462209,2251202,673216,8.7509126663208,0.07195480167865753,0.028781920671463013
ShapeNet55,FULL,219,10508,3,True,True,-0.5423889756202698,0.5423889756202698,-87265.4921875,623.307861328125,258.1243896484375,0.41412022709846497,0.29904735336944444,1462209,1462209,2251202,673216,29.63376808166504,3.4434378147125244,1.3773751258850098
ShapeNet55,G2S,0,1,34,True,False,0.07418067753314972,0.0,46.4293098449707,214.7476348876953,2.914560079574585,0.013572024181485176,0.4137249501617309,606400,1462209,1463233,605376,6.130626201629639,0.03330660238862038,0.013322641141712666
ShapeNet55,G2S,1,10,23,True,True,-0.052170004695653915,0.052170004695653915,-299.435546875,940.7230834960938,6.101276397705078,0.006485730409622192,0.4137249501617309,606400,1462209,1463233,605376,30.679018020629883,0.06399360299110413,0.02559744194149971
ShapeNet55,G2S,2,11,48,True,False,0.379478394985199,0.0,2125.635498046875,381.0544738769531,14.699910163879395,0.03857692703604698,0.4137249501617309,606400,1462209,1463233,605376,16.784610748291016,0.21985991299152374,0.08794396370649338
ShapeNet55,G2S,3,14,27,True,True,-0.4515608251094818,0.4515608251094818,-3791.570556640625,412.5668029785156,20.352069854736328,0.04933036118745804,0.4137249501617309,606400,1462209,1463233,605376,28.487674713134766,0.2240070104598999,0.08960280567407608
ShapeNet55,G2S,4,17,23,True,False,0.3687412142753601,0.0,9049.6943359375,116.19483947753906,211.21530151367188,1.8177683353424072,0.4137249501617309,606400,1462209,1463233,605376,14.100935935974121,19.374300003051758,7.749720096588135
ShapeNet55,G2S,5,38,42,True,True,-0.12007995694875717,0.12007995694875717,-1451.83740234375,314.91534423828125,38.39313888549805,0.12191574275493622,0.4137249501617309,606400,1462209,1463233,605376,15.960138320922852,1.2510706186294556,0.5004282593727112
ShapeNet55,G2S,6,43,51,True,False,0.17093804478645325,0.0,2841.43359375,296.7444152832031,56.016536712646484,0.18877030909061432,0.4137249501617309,606400,1462209,1463233,605376,14.419830322265625,3.565941333770752,1.4263765811920166
ShapeNet55,G2S,7,45,17,True,False,0.08303757011890411,0.0,17.711788177490234,43.64524459838867,4.887095928192139,0.11197315901517868,0.4137249501617309,606400,1462209,1463233,605376,5.416895389556885,0.7742380499839783,0.30969521403312683
ShapeNet55,G2S,8,95,15,True,False,0.08407679945230484,0.0,19.909460067749023,713.7343139648438,0.3317773640155792,0.00046484716585837305,0.4137249501617309,606400,1462209,1463233,605376,21.443815231323242,0.004887894261628389,0.001955157844349742
ShapeNet55,G2S,9,100,27,True,True,-0.11736073344945908,0.11736073344945908,-61.380428314208984,663.9876708984375,0.7876750230789185,0.0011862795799970627,0.4137249501617309,606400,1462209,1463233,605376,42.90440368652344,0.006605812348425388,0.0026423248928040266
ShapeNet55,G2S,10,101,51,True,False,0.0757792666554451,0.0,1237.8255615234375,493.9464111328125,33.06962203979492,0.06694981455802917,0.4137249501617309,606400,1462209,1463233,605376,16.16307258605957,1.4135879278182983,0.5654351711273193
ShapeNet55,G2S,11,109,12,True,False,0.17091289162635803,0.0,107.80165100097656,653.2664794921875,0.9655176401138306,0.001477984362281859,0.4137249501617309,606400,1462209,1463233,605376,16.88524627685547,0.018469849601387978,0.007387939840555191
ShapeNet55,G2S,12,138,52,True,False,0.02372853085398674,0.0,114.6345443725586,229.9914093017578,21.005502700805664,0.09133168309926987,0.4137249501617309,606400,1462209,1463233,605376,14.815088272094727,0.6611509919166565,0.26446041464805603
ShapeNet55,G2S,13,167,14,True,True,-0.11280545592308044,0.11280545592308044,-138.51858520507812,183.210693359375,6.702350616455078,0.03658274933695793,0.4137249501617309,606400,1462209,1463233,605376,16.782161712646484,0.13535495102405548,0.05414197966456413
ShapeNet55,G2S,14,212,14,True,True,-0.341622918844223,0.341622918844223,-143.40032958984375,150.7108612060547,2.7852141857147217,0.018480513244867325,0.4137249501617309,606400,1462209,1463233,605376,12.90449333190918,0.03824818879365921,0.015299275517463684
ShapeNet55,G2S,15,216,26,True,False,0.05820154398679733,0.0,0.690704882144928,247.77589416503906,0.047895971685647964,0.00019330359646119177,0.4137249501617309,606400,1462209,1463233,605376,7.285802364349365,0.00036554806865751743,0.00014621923037339002
ShapeNet55,G2S,16,251,52,True,True,-0.05668848007917404,0.05668848007917404,-1.6589863300323486,66.27120208740234,0.4415939748287201,0.0066634370014071465,0.4137249501617309,606400,1462209,1463233,605376,6.776821136474609,0.002228992525488138,0.0008915970101952553
ShapeNet55,G2S,17,349,13,True,False,0.15471361577510834,0.0,2595.7529296875,330.4820251464844,50.76763916015625,0.15361694991588593,0.4137249501617309,606400,1462209,1463233,605376,25.916778564453125,0.775780975818634,0.3103123903274536
ShapeNet55,G2S,18,369,14,True,False,0.2181059569120407,0.0,3483.5556640625,234.53622436523438,68.09971618652344,0.2903590500354767,0.4137249501617309,606400,1462209,1463233,605376,11.518317222595215,1.09125554561615,0.43650221824645996
ShapeNet55,G2S,19,381,12,True,True,-0.07442101091146469,0.07442101091146469,-0.6689099669456482,138.63760375976562,0.06483224034309387,0.00046763819409534335,0.4137249501617309,606400,1462209,1463233,605376,13.99647331237793,0.0013252056669443846,0.0005300822667777538
ShapeNet55,G2S,20,472,45,True,False,0.2523752748966217,0.0,14.488443374633789,57.26726531982422,1.0024633407592773,0.017504997551441193,0.4137249501617309,606400,1462209,1463233,605376,1.8745940923690796,0.0117220189422369,0.004688807763159275
ShapeNet55,G2S,21,505,47,True,False,0.01096653938293457,0.0,1.291448950767517,139.15670776367188,0.8462594151496887,0.006081341300159693,0.4137249501617309,606400,1462209,1463233,605376,13.998150825500488,0.03153084218502045,0.012612337246537209
ShapeNet55,G2S,22,540,52,True,True,-0.2838286757469177,0.2838286757469177,-6111.58544921875,247.8530731201172,86.87669372558594,0.3505169153213501,0.4137249501617309,606400,1462209,1463233,605376,17.1616268157959,0.889072597026825,0.3556290566921234
ShapeNet55,G2S,23,558,8,True,False,0.09075763821601868,0.0,290.1963806152344,110.2315444946289,29.00700569152832,0.26314613223075867,0.4137249501617309,606400,1462209,1463233,605376,16.095699310302734,0.7573288679122925,0.302931547164917
ShapeNet55,G2S,24,594,54,True,False,0.043038155883550644,0.0,8.316561698913574,183.58816528320312,1.0525566339492798,0.00573324877768755,0.4137249501617309,606400,1462209,1463233,605376,18.24506950378418,0.01225548330694437,0.004902193322777748
ShapeNet55,G2S,25,644,42,True,True,-0.04400278627872467,0.04400278627872467,-55.757877349853516,393.89117431640625,3.2169909477233887,0.00816720724105835,0.4137249501617309,606400,1462209,1463233,605376,21.299480438232422,0.031752824783325195,0.012701130472123623
ShapeNet55,G2S,26,727,31,True,False,0.2529928386211395,0.0,3050.80859375,260.35406494140625,46.31720733642578,0.17790083587169647,0.4137249501617309,606400,1462209,1463233,605376,9.554388046264648,0.8000392913818359,0.32001572847366333
ShapeNet55,G2S,27,795,22,True,True,-0.07021774351596832,0.07021774351596832,-130.1474609375,144.58180236816406,12.819621086120605,0.08866690844297409,0.4137249501617309,606400,1462209,1463233,605376,12.070907592773438,0.09395647794008255,0.03758259117603302
ShapeNet55,G2S,28,844,50,True,False,0.04217282682657242,0.0,35.4723014831543,50.761775970458984,16.56989860534668,0.3264247179031372,0.4137249501617309,606400,1462209,1463233,605376,5.502636432647705,0.8171799778938293,0.32687199115753174
ShapeNet55,G2S,29,883,9,True,False,0.47492000460624695,0.0,3117.40234375,225.73146057128906,29.079055786132812,0.128821462392807,0.4137249501617309,606400,1462209,1463233,605376,12.566596031188965,0.350064218044281,0.14002569019794464
ShapeNet55,G2S,30,898,31,True,True,-0.3722188472747803,0.3722188472747803,-4903.18212890625,457.085205078125,28.819238662719727,0.0630500391125679,0.4137249501617309,606400,1462209,1463233,605376,13.576706886291504,0.6897006630897522,0.27588027715682983
ShapeNet55,G2S,31,932,9,True,False,0.44803231954574585,0.0,287.17364501953125,149.9694366455078,4.273980140686035,0.02849900722503662,0.4137249501617309,606400,1462209,1463233,605376,12.303576469421387,0.08191978931427002,0.03276791796088219
ShapeNet55,G2S,32,934,36,True,False,0.27363651990890503,0.0,84.18291473388672,318.2990417480469,0.9665282964706421,0.0030365416314452887,0.4137249501617309,606400,1462209,1463233,605376,17.705984115600586,0.0083265770226717,0.003330630948767066
ShapeNet55,G2S,33,939,37,True,False,0.04893409460783005,0.0,25.19907569885254,454.5495910644531,1.132900595664978,0.002492358675226569,0.4137249501617309,606400,1462209,1463233,605376,22.735963821411133,0.009682949632406235,0.0038731798995286226
ShapeNet55,G2S,34,954,49,True,False,0.193082794547081,0.0,3.0131280422210693,158.56138610839844,0.0984184592962265,0.0006206962862052023,0.4137249501617309,606400,1462209,1463233,605376,16.975372314453125,0.002524524461477995,0.001009809784591198
ShapeNet55,G2S,35,955,5,True,True,-0.08351581543684006,0.08351581543684006,-507.3121643066406,146.01318359375,41.602027893066406,0.2849196791648865,0.4137249501617309,606400,1462209,1463233,605376,11.968982696533203,0.430944561958313,0.1723778247833252
ShapeNet55,G2S,36,973,5,True,False,0.20774950087070465,0.0,3904.064697265625,461.585205078125,40.71225357055664,0.08820094913244247,0.4137249501617309,606400,1462209,1463233,605376,18.702390670776367,0.6194589734077454,0.2477835863828659
ShapeNet55,G2S,37,1003,15,True,True,-0.21221987903118134,0.21221987903118134,-597.1875610351562,536.6976318359375,5.243183135986328,0.009769342839717865,0.4137249501617309,606400,1462209,1463233,605376,23.34628677368164,0.07980579882860184,0.031922321766614914
ShapeNet55,G2S,38,1058,45,True,False,0.1558384895324707,0.0,49.648094177246094,380.09027099609375,0.8381873369216919,0.0022052323911339045,0.4137249501617309,606400,1462209,1463233,605376,2.9591355323791504,0.008003545925021172,0.00320141832344234
ShapeNet55,G2S,39,1151,39,True,False,0.045017730444669724,0.0,0.0009206838440150023,284.42779541015625,7.190430187620223e-05,2.5280334625676915e-07,0.41363747263764555,606400,1462081,1463233,605248,11.055355072021484,1.0728830375228426e-06,4.291532320621627e-07
ShapeNet55,G2S,40,1162,11,True,False,0.04891405999660492,0.0,701.766845703125,151.9762420654297,94.4024887084961,0.6211661100387573,0.4137249501617309,606400,1462209,1463233,605376,16.499635696411133,2.300792694091797,0.9203171133995056
ShapeNet55,G2S,41,1186,24,True,True,-0.03352515399456024,0.03352515399456024,-2.1974375247955322,1089.98193359375,0.0601348802447319,5.517053068615496e-05,0.4137249501617309,606400,1462209,1463233,605376,42.51759719848633,0.0006280356901697814,0.00025121428188867867
ShapeNet55,G2S,42,1226,12,True,True,-0.07701264321804047,0.07701264321804047,-21.686904907226562,61.80009460449219,4.556657791137695,0.07373221218585968,0.4137249501617309,606400,1462209,1463233,605376,9.95858097076416,0.1056617870926857,0.04226471483707428
ShapeNet55,G2S,43,1351,30,True,False,0.053139712661504745,0.0,0.07022125273942947,259.6716003417969,0.0050889113917946815,1.959748988156207e-05,0.4137249501617309,606400,1462209,1463233,605376,9.153079986572266,8.67805938469246e-05,3.471223681117408e-05
ShapeNet55,G2S,44,1370,26,True,False,0.22948364913463593,0.0,0.503589391708374,177.54922485351562,0.012359646148979664,6.96125061949715e-05,0.4137249501617309,606400,1462209,1463233,605376,5.2271575927734375,0.00015186110977083445,6.07444453635253e-05
ShapeNet55,G2S,45,1381,3,True,True,-0.3867337703704834,0.3867337703704834,-4354.50927734375,227.86473083496094,49.41400146484375,0.21685673296451569,0.4137249501617309,606400,1462209,1463233,605376,18.63561248779297,7.085659980773926,2.834264039993286
ShapeNet55,G2S,46,1544,35,True,True,-0.1242833063006401,0.1242833063006401,-746.739013671875,286.83319091796875,20.94723129272461,0.07302931696176529,0.4137249501617309,606400,1462209,1463233,605376,15.503107070922852,0.441744327545166,0.1766977310180664
ShapeNet55,G2S,47,1604,19,True,True,-0.12825194001197815,0.12825194001197815,-0.3687102198600769,65.43183135986328,0.04393718019127846,0.0006714955088682473,0.4137249501617309,606400,1462209,1463233,605376,10.280271530151367,0.0007725353352725506,0.0003090141399297863
ShapeNet55,G2S,48,1665,25,True,False,0.10254983603954315,0.0,196.548583984375,218.42201232910156,8.774827003479004,0.0401737317442894,0.4137249501617309,606400,1462209,1463233,605376,15.0193452835083,0.1181170865893364,0.04724683612585068
ShapeNet55,G2S,49,1721,16,True,True,-0.03813457861542702,0.03813457861542702,-0.05957004800438881,93.46745300292969,0.016712775453925133,0.0001788085064617917,0.4137249501617309,606400,1462209,1463233,605376,10.452062606811523,0.00017188502533826977,6.875400868011639e-05
ShapeNet55,G2S,50,1748,36,True,False,0.1882132887840271,0.0,392.6098937988281,167.896728515625,12.42420768737793,0.07399910688400269,0.4137249501617309,606400,1462209,1463233,605376,18.256000518798828,0.07397152483463287,0.02958860993385315
ShapeNet55,G2S,51,1764,7,True,True,-0.49110397696495056,0.49110397696495056,-7258.56201171875,82.90785217285156,178.2713165283203,2.1502344608306885,0.4137249501617309,606400,1462209,1463233,605376,16.77414894104004,1.2503962516784668,0.5001584887504578
ShapeNet55,G2S,52,1792,22,True,False,0.18354928493499756,0.0,25.014883041381836,116.4560317993164,1.1702638864517212,0.010048976168036461,0.4137249501617309,606400,1462209,1463233,605376,9.982328414916992,0.014432210475206375,0.005772884469479322
ShapeNet55,G2S,53,1854,5,True,True,-0.1434653103351593,0.1434653103351593,-3618.641357421875,859.5499877929688,29.344552993774414,0.03413943573832512,0.4137249501617309,606400,1462209,1463233,605376,27.523475646972656,0.2815658748149872,0.11262635141611099
ShapeNet55,G2S,54,1857,16,True,False,0.33050867915153503,0.0,0.010361647233366966,111.6368637084961,0.0002808266435749829,2.515536834835075e-06,0.41363747263764555,606400,1462081,1463233,605248,15.059281349182129,6.794906312279636e-06,2.7179626158613246e-06
ShapeNet55,G2S,55,1872,17,True,False,0.0812060758471489,0.0,32.95913314819336,94.58570098876953,4.291032314300537,0.04536660760641098,0.4137249501617309,606400,1462209,1463233,605376,6.4387030601501465,0.8272583484649658,0.3309033513069153
ShapeNet55,G2S,56,2006,4,True,False,0.07706859707832336,0.0,69.29292297363281,86.60135650634766,10.382136344909668,0.11988422274589539,0.4137249501617309,606400,1462209,1463233,605376,14.640096664428711,0.11644943803548813,0.04657977446913719
ShapeNet55,G2S,57,2009,15,True,False,0.39786919951438904,0.0,14.299790382385254,335.18768310546875,0.10722628980875015,0.0003198992635589093,0.4137249501617309,606400,1462209,1463233,605376,16.150188446044922,0.0017763087525963783,0.0007105235126800835
ShapeNet55,G2S,58,2224,12,True,True,-0.1097019761800766,0.1097019761800766,-538.8382568359375,121.53565979003906,40.4147834777832,0.3325343728065491,0.4137249501617309,606400,1462209,1463233,605376,13.810212135314941,0.564964234828949,0.22598569095134735
ShapeNet55,G2S,59,2243,40,True,True,-0.06633205711841583,0.06633205711841583,-20.863967895507812,109.79581451416016,2.8647561073303223,0.026091668754816055,0.4137249501617309,606400,1462209,1463233,605376,8.002710342407227,0.1047612875699997,0.041904516518116
ShapeNet55,G2S,60,2245,6,True,False,0.044702716171741486,0.0,133.352294921875,77.22798156738281,38.62708282470703,0.5001695156097412,0.4137249501617309,606400,1462209,1463233,605376,12.585043907165527,2.2195231914520264,0.8878092765808105
ShapeNet55,G2S,61,2277,15,True,True,-0.4568344056606293,0.4568344056606293,-383.2904968261719,423.4102478027344,1.9815629720687866,0.004680007230490446,0.4137249501617309,606400,1462209,1463233,605376,21.80291748046875,0.023791775107383728,0.009516710415482521
ShapeNet55,G2S,62,2307,22,True,False,0.46828901767730713,0.0,55996.1171875,1271.27001953125,94.06024932861328,0.07398919761180878,0.4137249501617309,606400,1462209,1463233,605376,47.54808807373047,2.3276968002319336,0.9310787320137024
ShapeNet55,G2S,63,2331,11,True,True,-0.05525340139865875,0.05525340139865875,-0.4734754264354706,52.84110641479492,0.1621685028076172,0.0030689837876707315,0.4137249501617309,606400,1462209,1463233,605376,5.656724452972412,0.002387651242315769,0.0009550605318509042
ShapeNet55,G2S,64,2392,54,True,True,-0.0760035440325737,0.0760035440325737,-76.14927673339844,237.84811401367188,4.212425231933594,0.017710568383336067,0.4137249501617309,606400,1462209,1463233,605376,19.277481079101562,0.05632644519209862,0.022530578076839447
ShapeNet55,G2S,65,2420,38,True,False,0.3444916307926178,0.0,0.12759865820407867,286.5135192871094,0.0012927730567753315,4.512084160523955e-06,0.41363747263764555,606400,1462081,1463233,605248,31.654130935668945,1.3232143828645349e-05,5.29285762240761e-06
ShapeNet55,G2S,66,2479,42,True,True,-0.3116054832935333,0.3116054832935333,-830.0543823242188,724.7835083007812,3.6753032207489014,0.005070897750556469,0.4137249501617309,606400,1462209,1463233,605376,22.112361907958984,0.03304990381002426,0.013219961896538734
ShapeNet55,G2S,67,2495,7,True,False,0.05835871770977974,0.0,1555.9617919921875,303.8191833496094,87.75624084472656,0.28884366154670715,0.4137249501617309,606400,1462209,1463233,605376,8.909110069274902,1.663356065750122,0.6653424501419067
ShapeNet55,G2S,68,2637,16,True,True,-0.1687263548374176,0.1687263548374176,-2.5289034843444824,118.16265869140625,0.12684375047683716,0.0010734673123806715,0.4137249501617309,606400,1462209,1463233,605376,11.907587051391602,0.0015324526466429234,0.0006129810935817659
ShapeNet55,G2S,69,2717,44,True,True,-0.5547623634338379,0.5547623634338379,-2.4341671466827393,362.1210632324219,0.01211684662848711,3.346076118759811e-05,0.4137249501617309,606400,1462209,1463233,605376,9.790882110595703,0.00011288482346571982,4.515393084147945e-05
ShapeNet55,G2S,70,2732,47,True,True,-0.23025676608085632,0.23025676608085632,-42.16200256347656,181.30801391601562,1.0099313259124756,0.00557025196030736,0.4137249501617309,606400,1462209,1463233,605376,13.751592636108398,0.029827017337083817,0.011930807493627071
ShapeNet55,G2S,71,2793,32,True,True,-0.24737121164798737,0.24737121164798737,-4.809793949127197,257.9234619140625,0.07538526505231857,0.0002922776620835066,0.4137249501617309,606400,1462209,1463233,605376,18.03394317626953,0.000794214429333806,0.0003176857717335224
ShapeNet55,G2S,72,2822,38,True,False,0.10022099316120148,0.0,0.27572065591812134,768.3703002929688,0.003580469870939851,4.659823389374651e-06,0.4137249501617309,606400,1462209,1463233,605376,44.93620300292969,5.495397272170521e-05,2.1981590180075727e-05
ShapeNet55,G2S,73,2904,51,True,False,0.40516215562820435,0.0,5330.08740234375,237.24729919433594,55.45033645629883,0.23372378945350647,0.4137249501617309,606400,1462209,1463233,605376,12.295907020568848,4.764972686767578,1.9059890508651733
ShapeNet55,G2S,74,2906,9,True,True,-0.22512948513031006,0.22512948513031006,-811.4150390625,185.2553253173828,19.45539093017578,0.10501933097839355,0.4137249501617309,606400,1462209,1463233,605376,17.75298500061035,0.20537550747394562,0.08215020596981049
ShapeNet55,G2S,75,2974,28,True,False,0.060552336275577545,0.0,1255.91455078125,588.6612548828125,35.23414611816406,0.05985470488667488,0.4137249501617309,606400,1462209,1463233,605376,34.495750427246094,1.4787951707839966,0.5915181040763855
ShapeNet55,G2S,76,2997,16,True,False,0.511623740196228,0.0,0.06104661896824837,117.05294036865234,0.001019362360239029,8.708558198122773e-06,0.41363747263764555,606400,1462081,1463233,605248,13.068936347961426,1.4424220353248529e-05,5.769688414147822e-06
ShapeNet55,G2S,77,3006,11,True,True,-0.36449888348579407,0.36449888348579407,-1.9167349338531494,115.0909652709961,0.04569036513566971,0.00039699350600130856,0.4137249501617309,606400,1462209,1463233,605376,8.12375259399414,0.0006018257699906826,0.00024073031090665609
ShapeNet55,G2S,78,3092,41,True,True,-0.18549232184886932,0.18549232184886932,-390.10955810546875,139.19046020507812,15.109538078308105,0.1085529699921608,0.4137249501617309,606400,1462209,1463233,605376,25.3299617767334,0.2744871973991394,0.10979487746953964
ShapeNet55,G2S,79,3107,21,True,True,-0.21273350715637207,0.21273350715637207,-409.1248779296875,107.50614166259766,17.889026641845703,0.16640004515647888,0.4137249501617309,606400,1462209,1463233,605376,12.830005645751953,0.21564191579818726,0.08625676482915878
ShapeNet55,G2S,80,3179,33,True,False,0.2117508202791214,0.0,5214.6845703125,165.30419921875,148.97694396972656,0.9012290239334106,0.4137249501617309,606400,1462209,1463233,605376,10.719653129577637,13.419541358947754,5.36781644821167
ShapeNet55,G2S,81,3182,10,True,True,-0.09889699518680573,0.09889699518680573,-79.45282745361328,919.8658447265625,0.8733770251274109,0.0009494613041169941,0.4137249501617309,606400,1462209,1463233,605376,17.601961135864258,0.022239919751882553,0.008895968087017536
ShapeNet55,G2S,82,3260,0,True,False,0.029471833258867264,0.0,252.8122100830078,78.38507080078125,109.4353256225586,1.3961246013641357,0.4137249501617309,606400,1462209,1463233,605376,5.033304214477539,4.357508659362793,1.743003487586975
ShapeNet55,G2S,83,3327,29,True,True,-0.336468368768692,0.336468368768692,-20590.470703125,316.98175048828125,193.0579833984375,0.6090508103370667,0.4137249501617309,606400,1462209,1463233,605376,14.275955200195312,5.718067646026611,2.287227153778076
ShapeNet55,G2S,84,3334,53,True,False,0.3428587019443512,0.0,4.456964492797852,210.67613220214844,0.061703335493803024,0.00029288241057656705,0.4137249501617309,606400,1462209,1463233,605376,14.021376609802246,0.00035279724397696555,0.00014111890050116926
ShapeNet55,G2S,85,3339,39,True,True,-0.07126276195049286,0.07126276195049286,-55.02904510498047,152.59854125976562,5.060331344604492,0.03316107392311096,0.4137249501617309,606400,1462209,1463233,605376,13.807394027709961,0.040501583367586136,0.016200633719563484
ShapeNet55,G2S,86,3379,6,True,True,-0.046347036957740784,0.046347036957740784,-415.9150390625,348.2507629394531,25.768585205078125,0.07399433851242065,0.4137249501617309,606400,1462209,1463233,605376,10.281744956970215,0.824907660484314,0.3299630582332611
ShapeNet55,G2S,87,3411,24,True,True,-0.11929574608802795,0.11929574608802795,-71.92018127441406,797.5059204101562,0.7559479475021362,0.0009478901047259569,0.4137249501617309,606400,1462209,1463233,605376,62.84378433227539,0.006755134556442499,0.0027020538691431284
ShapeNet55,G2S,88,3485,29,True,False,0.046981386840343475,0.0,0.29126986861228943,142.7015380859375,0.043445128947496414,0.00030444751610048115,0.4137249501617309,606400,1462209,1463233,605376,4.873690128326416,0.0003268184664193541,0.00013072739238850772
ShapeNet55,G2S,89,3493,52,True,False,0.11988864094018936,0.0,824.48876953125,195.32861328125,35.20795822143555,0.1802498698234558,0.4137249501617309,606400,1462209,1463233,605376,8.797466278076172,0.5223491191864014,0.20893965661525726
ShapeNet55,G2S,90,3547,8,True,True,-0.051426392048597336,0.051426392048597336,-187.33743286132812,568.4319458007812,6.408553600311279,0.011274090968072414,0.4137249501617309,606400,1462209,1463233,605376,23.651180267333984,0.14082543551921844,0.05633017420768738
ShapeNet55,G2S,91,3625,13,True,True,-0.0407000333070755,0.0407000333070755,-243.242919921875,289.2201843261719,20.66411590576172,0.0714476928114891,0.4137249501617309,606400,1462209,1463233,605376,20.49979591369629,0.3162870705127716,0.12651483714580536
ShapeNet55,G2S,92,3676,51,True,False,0.2568607032299042,0.0,7171.36181640625,121.62849426269531,229.54542541503906,1.8872668743133545,0.4137249501617309,606400,1462209,1463233,605376,7.529002666473389,10.268107414245605,4.107243061065674
ShapeNet55,G2S,93,3713,3,True,False,0.4427187740802765,0.0,4319.69140625,128.5399627685547,75.9078369140625,0.5905387997627258,0.4137249501617309,606400,1462209,1463233,605376,18.513723373413086,4.024742603302002,1.6098970174789429
ShapeNet55,G2S,94,3734,23,True,True,-0.09559416025876999,0.09559416025876999,-5699.96142578125,1525.97265625,39.07453536987305,0.025606313720345497,0.4137249501617309,606400,1462209,1463233,605376,52.53548049926758,0.24707721173763275,0.09883088618516922
ShapeNet55,G2S,95,3769,30,True,True,-0.7483088970184326,0.7483088970184326,-4464.224609375,1005.09765625,5.9354939460754395,0.005905390251427889,0.4137249501617309,606400,1462209,1463233,605376,16.965099334716797,0.07301542907953262,0.02920617163181305
ShapeNet55,G2S,96,3823,37,True,True,-0.09944998472929001,0.09944998472929001,-235.00050354003906,943.98583984375,2.5032174587249756,0.0026517531368881464,0.4137249501617309,606400,1462209,1463233,605376,19.990989685058594,0.028194691985845566,0.011277876794338226
ShapeNet55,G2S,97,4025,21,True,False,0.6123088598251343,0.0,14846.0673828125,470.84796142578125,51.49441909790039,0.10936527699232101,0.4137249501617309,606400,1462209,1463233,605376,19.173702239990234,0.9694114923477173,0.3877646028995514
ShapeNet55,G2S,98,4059,45,True,False,0.045313913375139236,0.0,3179.430908203125,622.5853881835938,112.69869232177734,0.18101724982261658,0.4137249501617309,606400,1462209,1463233,605376,11.062942504882812,6.145572662353516,2.4582290649414062
ShapeNet55,G2S,99,4084,30,True,True,-0.10434496402740479,0.10434496402740479,-11.656295776367188,2897.054443359375,0.03855958953499794,1.330992927250918e-05,0.4137249501617309,606400,1462209,1463233,605376,18.68564224243164,0.0005694198189303279,0.0002277679304825142
ShapeNet55,G2S,100,4127,26,True,True,-0.21348419785499573,0.21348419785499573,-15.26956558227539,71.98564910888672,0.9936078786849976,0.013802860863506794,0.4137249501617309,606400,1462209,1463233,605376,2.741753578186035,0.008012178353965282,0.0032048714347183704
ShapeNet55,G2S,101,4185,50,True,True,-0.2485578954219818,0.2485578954219818,-73.44572448730469,103.97164916992188,2.8419997692108154,0.027334371581673622,0.4137249501617309,606400,1462209,1463233,605376,6.796777248382568,0.5649124979972839,0.2259650081396103
ShapeNet55,G2S,102,4214,53,True,True,-0.1191263273358345,0.1191263273358345,-174.26229858398438,1129.2127685546875,1.295447826385498,0.0011472132755443454,0.4137249501617309,606400,1462209,1463233,605376,38.6159553527832,0.0073510161601006985,0.002940406557172537
ShapeNet55,G2S,103,4235,49,True,False,0.41670429706573486,0.0,7014.94580078125,557.1770629882812,30.213645935058594,0.05422629043459892,0.4137249501617309,606400,1462209,1463233,605376,20.935834884643555,0.3469817340373993,0.13879269361495972
ShapeNet55,G2S,104,4243,41,True,True,-0.15669772028923035,0.15669772028923035,-1906.39404296875,274.3402404785156,44.346614837646484,0.161648228764534,0.4137249501617309,606400,1462209,1463233,605376,15.764007568359375,0.8126623034477234,0.32506492733955383
ShapeNet55,G2S,105,4342,10,True,True,-0.2539175748825073,0.2539175748825073,-140.6652374267578,307.1050109863281,1.803877830505371,0.005873814225196838,0.4137249501617309,606400,1462209,1463233,605376,12.68346881866455,0.044500067830085754,0.01780002750456333
ShapeNet55,G2S,106,4463,47,True,True,-0.4365328848361969,0.4365328848361969,-10.344456672668457,252.4943389892578,0.09385103732347488,0.0003716956125572324,0.4137249501617309,606400,1462209,1463233,605376,14.797300338745117,0.0023788507096469402,0.0009515403071418405
ShapeNet55,G2S,107,4535,1,True,False,0.2596931755542755,0.0,2660.999267578125,450.59295654296875,22.740489959716797,0.050467923283576965,0.4137249501617309,606400,1462209,1463233,605376,24.61806297302246,0.43690329790115356,0.1747613251209259
ShapeNet55,G2S,108,4541,18,True,False,0.06700489670038223,0.0,2.8844146728515625,241.68955993652344,0.17811204493045807,0.000736945541575551,0.4137249501617309,606400,1462209,1463233,605376,12.522273063659668,0.0035600399132817984,0.0014240159653127193
ShapeNet55,G2S,109,4595,48,True,True,-0.011498633772134781,0.011498633772134781,-90.73455810546875,361.1947021484375,21.846662521362305,0.060484450310468674,0.4137249501617309,606400,1462209,1463233,605376,18.476951599121094,0.4508168697357178,0.18032674491405487
ShapeNet55,G2S,110,4599,43,True,False,0.29001107811927795,0.0,2058.38037109375,111.15973663330078,63.85038757324219,0.5744020938873291,0.4137249501617309,606400,1462209,1463233,605376,10.730489730834961,7.5090765953063965,3.0036306381225586
ShapeNet55,G2S,111,4765,47,True,True,-0.2941839098930359,0.2941839098930359,-122.67456817626953,281.4961853027344,1.4813684225082397,0.005262481514364481,0.4137249501617309,606400,1462209,1463233,605376,12.051213264465332,0.03323142230510712,0.013292568735778332
ShapeNet55,G2S,112,4785,10,True,True,-0.17600364983081818,0.17600364983081818,-484.3781433105469,162.2315673828125,16.963970184326172,0.10456639528274536,0.4137249501617309,606400,1462209,1463233,605376,22.844392776489258,0.3488788604736328,0.1395515501499176
ShapeNet55,G2S,113,4800,35,True,False,0.03106129728257656,0.0,520.4391479492188,243.0282745361328,68.94353485107422,0.28368523716926575,0.4137249501617309,606400,1462209,1463233,605376,18.297452926635742,1.2932171821594238,0.5172868967056274
ShapeNet55,G2S,114,4860,0,True,False,0.19537033140659332,0.0,1.4015480279922485,285.8229064941406,0.025098765268921852,8.781229553278536e-05,0.4137249501617309,606400,1462209,1463233,605376,5.750459671020508,0.00035470392322167754,0.00014188156637828797
ShapeNet55,G2S,115,5054,41,True,False,0.18942102789878845,0.0,3888.937255859375,554.5071411132812,37.025047302246094,0.06677109003067017,0.4137249501617309,606400,1462209,1463233,605376,56.781620025634766,1.2446300983428955,0.49785205721855164
ShapeNet55,G2S,116,5143,7,True,True,-0.2319755107164383,0.2319755107164383,-5327.6982421875,320.42987060546875,71.67446899414062,0.22368223965168,0.4137249501617309,606400,1462209,1463233,605376,28.6955509185791,5.210377216339111,2.084151029586792
ShapeNet55,G2S,117,5168,2,True,False,0.17255105078220367,0.0,2217.786376953125,118.97938537597656,108.02651977539062,0.9079431891441345,0.4137249501617309,606400,1462209,1463233,605376,10.17740535736084,4.635827541351318,1.8543310165405273
ShapeNet55,G2S,118,5185,21,True,True,-0.28194841742515564,0.28194841742515564,-948.1472778320312,223.8388671875,15.023483276367188,0.06711740046739578,0.4137249501617309,606400,1462209,1463233,605376,17.871109008789062,0.23417316377162933,0.09366926550865173
ShapeNet55,G2S,119,5188,45,True,False,0.35025352239608765,0.0,1799.9368896484375,289.2738342285156,17.765016555786133,0.06141245737671852,0.4137249501617309,606400,1462209,1463233,605376,17.95713233947754,0.38064607977867126,0.15225844085216522
ShapeNet55,G2S,120,5239,4,True,False,0.16557402908802032,0.0,22.000843048095703,394.1002197265625,0.33716341853141785,0.0008555271197110415,0.4137249501617309,606400,1462209,1463233,605376,13.550573348999023,0.0028224652633070946,0.0011289861286059022
ShapeNet55,G2S,121,5255,22,True,True,-0.34284257888793945,0.34284257888793945,-731.0255737304688,169.92347717285156,12.548286437988281,0.07384669035673141,0.4137249501617309,606400,1462209,1463233,605376,16.26580047607422,0.19885557889938354,0.07954223453998566
ShapeNet55,G2S,122,5310,31,True,True,-0.26703596115112305,0.26703596115112305,-609.5669555664062,183.72030639648438,12.424945831298828,0.06762968003749847,0.4137249501617309,606400,1462209,1463233,605376,12.271424293518066,0.12709729373455048,0.05083891749382019
ShapeNet55,G2S,123,5347,46,True,False,0.32116612792015076,0.0,0.6035669445991516,175.78086853027344,0.010691141709685326,6.082085019443184e-05,0.4137249501617309,606400,1462209,1463233,605376,12.15053653717041,0.00014184899919200689,5.673960185959004e-05
ShapeNet55,G2S,124,5442,34,True,False,0.19567881524562836,0.0,7223.29248046875,353.85223388671875,104.32044219970703,0.2948135733604431,0.4137249501617309,606400,1462209,1463233,605376,16.873342514038086,5.022956371307373,2.0091826915740967
ShapeNet55,G2S,125,5475,33,True,False,0.04333242028951645,0.0,1600.1248779296875,379.9851989746094,97.17941284179688,0.2557452619075775,0.4137249501617309,606400,1462209,1463233,605376,12.013208389282227,4.722850799560547,1.8891403675079346
ShapeNet55,G2S,126,5485,1,True,False,0.1008765920996666,0.0,1657.69482421875,344.1492004394531,47.74934387207031,0.13874605298042297,0.4137249501617309,606400,1462209,1463233,605376,29.137248992919922,1.5751498937606812,0.6300599575042725
ShapeNet55,G2S,127,5547,35,True,False,0.33712470531463623,0.0,1011.4530639648438,210.51788330078125,14.251683235168457,0.06769821047782898,0.4137249501617309,606400,1462209,1463233,605376,12.26320743560791,0.19969525933265686,0.07987810671329498
ShapeNet55,G2S,128,5564,26,True,False,0.10039537400007248,0.0,0.42120251059532166,92.79409790039062,0.04521232843399048,0.0004872328136116266,0.4137249501617309,606400,1462209,1463233,605376,3.1929659843444824,0.0005133026279509068,0.00020532104826997966
ShapeNet55,G2S,129,5580,27,True,True,-0.1556084156036377,0.1556084156036377,-2836.702880859375,584.8711547851562,31.168834686279297,0.05329179763793945,0.4137249501617309,606400,1462209,1463233,605376,35.227291107177734,0.3902566432952881,0.15610265731811523
ShapeNet55,G2S,130,5623,1,True,True,-0.6185464262962341,0.6185464262962341,-6444.8271484375,334.7866516113281,31.12224006652832,0.09296141564846039,0.4137249501617309,606400,1462209,1463233,605376,14.793434143066406,0.8195888996124268,0.3278355598449707
ShapeNet55,G2S,131,5649,5,True,False,0.38171282410621643,0.0,468.29296875,347.7550048828125,3.5278286933898926,0.010144581086933613,0.4137249501617309,606400,1462209,1463233,605376,18.820920944213867,0.02938931994140148,0.011755728162825108
ShapeNet55,G2S,132,5714,20,True,True,-0.48207974433898926,0.48207974433898926,-49.85071563720703,67.95850372314453,1.521628737449646,0.02239055745303631,0.4137249501617309,606400,1462209,1463233,605376,6.684120178222656,0.011887777596712112,0.0047551109455525875
ShapeNet55,G2S,133,5875,20,True,True,-0.016863306984305382,0.016863306984305382,-545.8807373046875,881.967529296875,36.70307540893555,0.041614994406700134,0.4137249501617309,606400,1462209,1463233,605376,8.302152633666992,0.2719968259334564,0.10879873484373093
ShapeNet55,G2S,134,5888,34,True,False,0.5316174626350403,0.0,119130.6328125,2686.807373046875,83.4041519165039,0.031042102724313736,0.4137249501617309,606400,1462209,1463233,605376,63.47518539428711,2.966283082962036,1.1865133047103882
ShapeNet55,G2S,135,5987,35,True,False,0.11409187316894531,0.0,1089.7379150390625,253.95396423339844,37.610782623291016,0.14810079336166382,0.4137249501617309,606400,1462209,1463233,605376,13.26485538482666,0.42300868034362793,0.1692034751176834
ShapeNet55,G2S,136,6004,13,True,True,-0.028350524604320526,0.028350524604320526,-276.1573181152344,635.543701171875,15.32674789428711,0.02411596290767193,0.4137249501617309,606400,1462209,1463233,605376,34.896175384521484,0.2812727689743042,0.1125091090798378
ShapeNet55,G2S,137,6053,43,True,False,0.43170008063316345,0.0,8395.8408203125,220.53952026367188,88.1851806640625,0.3998611271381378,0.4137249501617309,606400,1462209,1463233,605376,11.071735382080078,1.708211898803711,0.6832847595214844
ShapeNet55,G2S,138,6065,8,True,False,0.30957818031311035,0.0,15071.609375,382.754150390625,127.1948013305664,0.3323146104812622,0.4137249501617309,606400,1462209,1463233,605376,21.221797943115234,3.0751616954803467,1.2300647497177124
ShapeNet55,G2S,139,6228,1,True,False,0.3357853889465332,0.0,1398.8099365234375,243.93008422851562,17.07778549194336,0.07001098245382309,0.4137249501617309,606400,1462209,1463233,605376,14.75338077545166,0.4294653534889221,0.1717861443758011
ShapeNet55,G2S,140,6275,53,True,True,-0.3619205057621002,0.3619205057621002,-680.3438720703125,1048.19921875,1.7933764457702637,0.0017109118634834886,0.4137249501617309,606400,1462209,1463233,605376,20.483366012573242,0.01580403558909893,0.006321614142507315
ShapeNet55,G2S,141,6279,7,True,False,0.6252108812332153,0.0,25084.08984375,277.6937561035156,144.4793243408203,0.5202829241752625,0.4137249501617309,606400,1462209,1463233,605376,23.78253936767578,3.064188241958618,1.225675344467163
ShapeNet55,G2S,142,6312,21,True,False,0.02548416703939438,0.0,194.8430633544922,349.6920471191406,21.863956451416016,0.06252346187829971,0.4137249501617309,606400,1462209,1463233,605376,15.62060832977295,0.37524449825286865,0.1500978022813797
ShapeNet55,G2S,143,6339,36,True,True,-0.19198043644428253,0.19198043644428253,-0.038750000298023224,197.74391174316406,0.0010207317536696792,5.161887202120852e-06,0.41363747263764555,606400,1462081,1463233,605248,15.728659629821777,6.079655122448457e-06,2.4318621854035882e-06
ShapeNet55,G2S,144,6543,32,True,True,-0.22823956608772278,0.22823956608772278,-5.169350624084473,128.28216552734375,0.17655448615550995,0.0013762980233877897,0.4137249501617309,606400,1462209,1463233,605376,19.1580867767334,0.0025909922551363707,0.001036396948620677
ShapeNet55,G2S,145,6590,19,True,True,-0.515351414680481,0.515351414680481,-7.5123186111450195,105.20618438720703,0.13855725526809692,0.0013170067686587572,0.4137249501617309,606400,1462209,1463233,605376,15.980865478515625,0.0020226037595421076,0.0008090414921753109
ShapeNet55,G2S,146,6628,6,True,False,0.5063928365707397,0.0,193.78076171875,250.4310760498047,1.5280405282974243,0.006101640872657299,0.4137249501617309,606400,1462209,1463233,605376,8.100443840026855,0.03438814729452133,0.013755259104073048
ShapeNet55,G2S,147,6648,33,True,False,0.34284889698028564,0.0,1743.2425537109375,264.7218017578125,19.207256317138672,0.07255638390779495,0.4137249501617309,606400,1462209,1463233,605376,21.665302276611328,0.37724390625953674,0.1508975625038147
ShapeNet55,G2S,148,6752,24,True,True,-0.3874272406101227,0.3874272406101227,-60712.0234375,2590.40380859375,60.494667053222656,0.023353373631834984,0.4137249501617309,606400,1462209,1463233,605376,78.32848358154297,1.252294659614563,0.5009178519248962
ShapeNet55,G2S,149,6761,17,True,False,0.08207238465547562,0.0,14.741095542907715,68.74946594238281,2.6125426292419434,0.038000915199518204,0.4137249501617309,606400,1462209,1463233,605376,9.069046020507812,0.8005844950675964,0.3202337920665741
ShapeNet55,G2S,150,6817,38,True,True,-0.18160952627658844,0.18160952627658844,-74.23634338378906,124.37088012695312,3.286693572998047,0.02642655186355114,0.4137249501617309,606400,1462209,1463233,605376,8.534341812133789,0.026096412912011147,0.010438565164804459
ShapeNet55,G2S,151,6998,18,True,False,0.2648058235645294,0.0,105.88856506347656,320.4339599609375,1.2479091882705688,0.0038944347761571407,0.4137249501617309,606400,1462209,1463233,605376,13.906957626342773,0.013349556364119053,0.005339822731912136
ShapeNet55,G2S,152,7119,36,True,False,0.000931417103856802,0.0,0.001698025967925787,163.1089324951172,0.011176926083862782,6.852430669823661e-05,0.4137249501617309,606400,1462209,1463233,605376,10.541495323181152,0.00010680581908673048,4.272232763469219e-05
ShapeNet55,G2S,153,7138,54,True,False,0.4648172855377197,0.0,2711.709716796875,493.1739196777344,11.82934856414795,0.02398616075515747,0.4137249501617309,606400,1462209,1463233,605376,27.41319465637207,0.10634305328130722,0.04253722354769707
ShapeNet55,G2S,154,7156,50,True,True,-0.04920685291290283,0.04920685291290283,-109.04757690429688,108.87112426757812,20.355310440063477,0.18696703016757965,0.4137249501617309,606400,1462209,1463233,605376,6.099905967712402,0.9354305267333984,0.3741722106933594
ShapeNet55,G2S,155,7184,20,True,False,0.2887250781059265,0.0,7667.4619140625,158.99444580078125,167.0264129638672,1.0505173206329346,0.4137249501617309,606400,1462209,1463233,605376,5.724164962768555,2.261654853820801,0.9046619534492493
ShapeNet55,G2S,156,7245,2,True,False,0.4380113482475281,0.0,138.4399871826172,252.50967407226562,1.2516940832138062,0.004957014229148626,0.4137249501617309,606400,1462209,1463233,605376,13.035239219665527,0.009904288686811924,0.003961715381592512
ShapeNet55,G2S,157,7265,41,True,False,0.13443924486637115,0.0,1604.3642578125,338.5190734863281,35.25281524658203,0.1041383445262909,0.4137249501617309,606400,1462209,1463233,605376,32.29169464111328,1.8950204849243164,0.7580081820487976
ShapeNet55,G2S,158,7287,54,True,True,-0.233331561088562,0.233331561088562,-292.92340087890625,122.64281463623047,10.23619270324707,0.08346345275640488,0.4137249501617309,606400,1462209,1463233,605376,22.311429977416992,0.14687810838222504,0.058751244097948074
ShapeNet55,G2S,159,7480,33,True,False,0.08690004795789719,0.0,3978.384033203125,463.5191345214844,98.76863098144531,0.21308426558971405,0.4137249501617309,606400,1462209,1463233,605376,25.080446243286133,4.955524921417236,1.9822100400924683
ShapeNet55,G2S,160,7569,31,True,True,-0.3704485297203064,0.3704485297203064,-20.188087463378906,170.2899169921875,0.3200209140777588,0.0018792711198329926,0.4137249501617309,606400,1462209,1463233,605376,8.313667297363281,0.005080883391201496,0.0020323533099144697
ShapeNet55,G2S,161,7602,40,True,False,0.38580211997032166,0.0,137.4279327392578,90.52268981933594,3.9350745677948,0.0434705875813961,0.4137249501617309,606400,1462209,1463233,605376,5.970829010009766,0.09597311168909073,0.03838924691081047
ShapeNet55,G2S,162,7642,43,True,True,-0.384358674287796,0.384358674287796,-3002.77099609375,98.50617980957031,79.30892181396484,0.8051162362098694,0.4137249501617309,606400,1462209,1463233,605376,7.770310878753662,2.9211816787719727,1.1684726476669312
ShapeNet55,G2S,163,7699,34,True,True,-0.5816917419433594,0.5816917419433594,-14732.4091796875,274.7013244628906,92.19770812988281,0.3356289267539978,0.4137249501617309,606400,1462209,1463233,605376,9.319729804992676,4.2810540199279785,1.7124216556549072
ShapeNet55,G2S,164,7700,50,True,True,-0.45196595788002014,0.45196595788002014,-216.028076171875,28.143739700317383,16.983322143554688,0.6034494042396545,0.4137249501617309,606400,1462209,1463233,605376,5.354249000549316,0.969243049621582,0.3876972198486328
ShapeNet55,G2S,165,7768,32,True,False,0.16261151432991028,0.0,478.86322021484375,417.3912353515625,7.055322647094727,0.016903379932045937,0.4137249501617309,606400,1462209,1463233,605376,14.230051040649414,0.11389860510826111,0.04555944353342056
ShapeNet55,G2S,166,7805,40,True,False,0.03314533829689026,0.0,1236.0477294921875,911.2296752929688,40.924644470214844,0.044911447912454605,0.4137249501617309,606400,1462209,1463233,605376,17.89540672302246,0.888822078704834,0.3555288314819336
ShapeNet55,G2S,167,7822,43,True,True,-0.3644832670688629,0.3644832670688629,-784.5005493164062,209.2715606689453,10.285027503967285,0.049146801233291626,0.4137249501617309,606400,1462209,1463233,605376,5.7571940422058105,0.08246716111898422,0.03298686444759369
ShapeNet55,G2S,168,7912,48,True,True,-0.17616046965122223,0.17616046965122223,-4537.265625,403.9783020019531,63.75697326660156,0.15782277286052704,0.4137249501617309,606400,1462209,1463233,605376,36.88117599487305,2.8060250282287598,1.1224100589752197
ShapeNet55,G2S,169,7935,42,True,True,-0.30720898509025574,0.30720898509025574,-397.80194091796875,301.7618713378906,4.291099548339844,0.014220151118934155,0.4137249501617309,606400,1462209,1463233,605376,16.442039489746094,0.027377992868423462,0.01095119770616293
ShapeNet55,G2S,170,8091,14,True,True,-0.3422417938709259,0.3422417938709259,-6985.12353515625,378.51092529296875,53.92158126831055,0.14245712757110596,0.4137249501617309,606400,1462209,1463233,605376,16.085783004760742,2.2456445693969727,0.898257851600647
ShapeNet55,G2S,171,8142,27,True,True,-0.05105885863304138,0.05105885863304138,-12.741557121276855,202.63906860351562,1.2314823865890503,0.006077221129089594,0.4137249501617309,606400,1462209,1463233,605376,23.594648361206055,0.019698821008205414,0.00787952821701765
ShapeNet55,G2S,172,8205,10,True,True,-0.048642706125974655,0.048642706125974655,-15.749213218688965,160.2021026611328,2.0210306644439697,0.012615506537258625,0.4137249501617309,606400,1462209,1463233,605376,12.596659660339355,0.039261482656002045,0.015704592689871788
ShapeNet55,G2S,173,8242,46,True,False,0.49478697776794434,0.0,3.8708744049072266,108.6380615234375,0.07201265543699265,0.0006628676201216877,0.4137249501617309,606400,1462209,1463233,605376,3.7883143424987793,0.0005579821881838143,0.0002231928810942918
ShapeNet55,G2S,174,8297,8,True,False,0.018016790971159935,0.0,23.667625427246094,107.10924530029297,12.26451301574707,0.11450470983982086,0.4137249501617309,606400,1462209,1463233,605376,8.279219627380371,0.4365622401237488,0.17462490499019623
ShapeNet55,G2S,175,8358,4,True,False,0.09769921749830246,0.0,0.16190610826015472,126.9307861328125,0.013055850751698017,0.00010285803000442684,0.4137249501617309,606400,1462209,1463233,605376,11.654199600219727,0.0001932195882545784,7.728783384663984e-05
ShapeNet55,G2S,176,8392,44,True,True,-0.4510405957698822,0.4510405957698822,-5.695160865783691,59.85787582397461,0.21094492077827454,0.0035240964498370886,0.4137249501617309,606400,1462209,1463233,605376,3.0940299034118652,0.0031390937510877848,0.001255637500435114
ShapeNet55,G2S,177,8535,24,True,False,0.2850472033023834,0.0,140.19003295898438,525.9880981445312,0.9350276589393616,0.0017776594031602144,0.4137249501617309,606400,1462209,1463233,605376,11.865021705627441,0.005245019216090441,0.0020980078261345625
ShapeNet55,G2S,178,8608,2,True,False,0.18891191482543945,0.0,4989.923828125,240.49566650390625,109.83159637451172,0.45668846368789673,0.4137249501617309,606400,1462209,1463233,605376,16.74658203125,1.8891003131866455,0.7556401491165161
ShapeNet55,G2S,179,8673,37,True,True,-0.2697458565235138,0.2697458565235138,-9547.9111328125,275.1396789550781,128.64720153808594,0.4675705134868622,0.4137249501617309,606400,1462209,1463233,605376,13.370894432067871,6.005666255950928,2.402266502380371
ShapeNet55,G2S,180,8742,6,True,True,-0.07783924043178558,0.07783924043178558,-1493.6387939453125,465.6031494140625,41.21269989013672,0.08851464837789536,0.4137249501617309,606400,1462209,1463233,605376,14.218658447265625,0.4640734791755676,0.18562939763069153
ShapeNet55,G2S,181,8749,28,True,False,0.22490182518959045,0.0,765.61474609375,248.9586639404297,13.673826217651367,0.05492408201098442,0.4137249501617309,606400,1462209,1463233,605376,19.009033203125,0.36582982540130615,0.14633193612098694
ShapeNet55,G2S,182,8919,39,True,False,0.17186598479747772,0.0,3779.343994140625,245.07440185546875,89.72811889648438,0.36612603068351746,0.4137249501617309,606400,1462209,1463233,605376,20.651531219482422,2.437051773071289,0.9748207330703735
ShapeNet55,G2S,183,8928,25,True,False,0.12541905045509338,0.0,2101.38671875,141.2239532470703,118.64080047607422,0.8400897979736328,0.4137249501617309,606400,1462209,1463233,605376,6.384225368499756,5.596412658691406,2.23856520652771
ShapeNet55,G2S,184,8930,2,True,False,0.19362527132034302,0.0,6505.11328125,498.3893737792969,67.40995788574219,0.1352556049823761,0.4137249501617309,606400,1462209,1463233,605376,16.37626075744629,5.545342445373535,2.21813702583313
ShapeNet55,G2S,185,8978,46,True,True,-0.3087734282016754,0.3087734282016754,-1.7765436172485352,42.602638244628906,0.13505151867866516,0.0031700271647423506,0.4137249501617309,606400,1462209,1463233,605376,6.0848517417907715,0.0010034770239144564,0.00040139080374501646
ShapeNet55,G2S,186,8993,46,True,False,0.11291713267564774,0.0,297.8797302246094,50.60994338989258,52.124900817871094,1.0299339294433594,0.4137249501617309,606400,1462209,1463233,605376,7.149299621582031,0.683783769607544,0.273513525724411
ShapeNet55,G2S,187,8996,40,True,True,-0.05310916155576706,0.05310916155576706,-31.05048370361328,190.29818725585938,3.0723047256469727,0.016144687309861183,0.4137249501617309,606400,1462209,1463233,605376,8.557459831237793,0.08492327481508255,0.03396930918097496
ShapeNet55,G2S,188,9012,25,True,False,0.39938780665397644,0.0,6359.03515625,159.00421142578125,100.13543701171875,0.6297659277915955,0.4137249501617309,606400,1462209,1463233,605376,15.822237014770508,3.2360215187072754,1.2944086790084839
ShapeNet55,G2S,189,9050,53,True,False,0.08565634489059448,0.0,0.18901515007019043,88.90969848632812,0.024819210171699524,0.0002791507577057928,0.4137249501617309,606400,1462209,1463233,605376,6.925418853759766,0.00016735584358684719,6.69423388899304e-05
ShapeNet55,G2S,190,9053,49,True,True,-0.13577333092689514,0.13577333092689514,-11.639209747314453,442.0533142089844,0.19392526149749756,0.0004386920190881938,0.4137249501617309,606400,1462209,1463233,605376,17.43943214416504,0.0031974404118955135,0.0012789762113243341
ShapeNet55,G2S,191,9146,18,True,False,0.33715254068374634,0.0,0.30085933208465576,208.65853881835938,0.004276622086763382,2.049579234153498e-05,0.4137249501617309,606400,1462209,1463233,605376,8.95454216003418,8.618460560683161e-05,3.447384369792417e-05
ShapeNet55,G2S,192,9170,30,True,False,0.08266981691122055,0.0,29.49538230895996,802.707275390625,0.44447755813598633,0.000553723075427115,0.4137249501617309,606400,1462209,1463233,605376,29.93777847290039,0.004646931774914265,0.0018587727099657059
ShapeNet55,G2S,193,9180,23,True,True,-0.16152936220169067,0.16152936220169067,-297.3556823730469,559.5092163085938,3.29016375541687,0.005880446173250675,0.4137249501617309,606400,1462209,1463233,605376,27.720727920532227,0.024091826751828194,0.009636730886995792
ShapeNet55,G2S,194,9269,25,True,False,0.33137646317481995,0.0,3928.957763671875,141.0869140625,84.03669738769531,0.5956377983093262,0.4137249501617309,606400,1462209,1463233,605376,15.281257629394531,0.9229207038879395,0.3691682815551758
ShapeNet55,G2S,195,9318,19,True,True,-0.2072772979736328,0.2072772979736328,-253.0797576904297,98.00401306152344,12.458386421203613,0.1271211802959442,0.4137249501617309,606400,1462209,1463233,605376,8.954270362854004,0.13816967606544495,0.05526787042617798
ShapeNet55,G2S,196,9329,9,True,False,0.28367581963539124,0.0,5.441616535186768,114.0679702758789,0.16816744208335876,0.0014742739731445909,0.4137249501617309,606400,1462209,1463233,605376,5.624433994293213,0.0030613720882683992,0.0012245489051565528
ShapeNet55,G2S,197,9418,38,True,False,0.27237918972969055,0.0,168.1925811767578,105.07508850097656,5.876695156097412,0.05592852830886841,0.4137249501617309,606400,1462209,1463233,605376,12.295822143554688,0.04710967466235161,0.018843870609998703
ShapeNet55,G2S,198,9530,28,True,False,0.011296454817056656,0.0,259.1390686035156,673.7672729492188,34.04715347290039,0.0505325123667717,0.4137249501617309,606400,1462209,1463233,605376,45.288665771484375,1.29404878616333,0.5176195502281189
ShapeNet55,G2S,199,9531,44,True,False,0.5535673499107361,0.0,34.535919189453125,87.3563461303711,0.7141773700714111,0.008175449445843697,0.4137249501617309,606400,1462209,1463233,605376,4.659803867340088,0.008354831486940384,0.003341932548210025
ShapeNet55,G2S,200,9541,39,True,False,0.009272239170968533,0.0,0.0650644600391388,438.38897705078125,0.01600661873817444,3.651236693258397e-05,0.4137249501617309,606400,1462209,1463233,605376,18.17147445678711,0.00017450717859901488,6.9802874349989e-05
ShapeNet55,G2S,201,9556,28,True,False,0.31804510951042175,0.0,4193.64990234375,304.67462158203125,43.27799987792969,0.14204661548137665,0.4137249501617309,606400,1462209,1463233,605376,18.71854019165039,2.0545077323913574,0.821803092956543
ShapeNet55,G2S,202,9584,11,True,True,-0.14022935926914215,0.14022935926914215,-75.00517272949219,94.07174682617188,5.685819149017334,0.06044130399823189,0.4137249501617309,606400,1462209,1463233,605376,8.214578628540039,0.05372115224599838,0.021488461643457413
ShapeNet55,G2S,203,9608,48,True,True,-0.23015524446964264,0.23015524446964264,-2917.0908203125,159.8511505126953,79.2890625,0.49601808190345764,0.4137249501617309,606400,1462209,1463233,605376,12.878194808959961,4.847418308258057,1.9389673471450806
ShapeNet55,G2S,204,9669,0,True,False,0.15956714749336243,0.0,0.08441391587257385,159.38156127929688,0.003319192910566926,2.0825451429118402e-05,0.4137249501617309,606400,1462209,1463233,605376,4.90027379989624,4.410646579344757e-05,1.764258740877267e-05
ShapeNet55,G2S,205,9747,0,True,False,0.30920132994651794,0.0,0.09259716421365738,486.3126525878906,0.000615801487583667,1.266266622224066e-06,0.41363747263764555,606400,1462081,1463233,605248,9.996201515197754,1.0371154530730564e-05,4.148461812292226e-06
ShapeNet55,G2S,206,9795,18,True,True,-0.11717972159385681,0.11717972159385681,-123.5531997680664,490.5418701171875,2.1494405269622803,0.004381767939776182,0.4137249501617309,606400,1462209,1463233,605376,29.903751373291016,0.03571850806474686,0.014287403784692287
ShapeNet55,G2S,207,9938,49,True,True,-0.04460745304822922,0.04460745304822922,-1.1014899015426636,269.2773742675781,0.09170082211494446,0.0003405440947972238,0.4137249501617309,606400,1462209,1463233,605376,10.294031143188477,0.0010963627137243748,0.0004385451029520482
ShapeNet55,G2S,208,9996,20,True,True,-0.19856223464012146,0.19856223464012146,-112.61260986328125,218.36355590820312,2.597228765487671,0.011894057504832745,0.4137249501617309,606400,1462209,1463233,605376,4.558162689208984,0.018294643610715866,0.007317857351154089
ShapeNet55,G2S,209,10012,13,True,False,0.047672100365161896,0.0,29.353979110717773,674.7387084960938,0.9125718474388123,0.0013524818932637572,0.4137249501617309,606400,1462209,1463233,605376,47.73899459838867,0.012257485650479794,0.004902994260191917
ShapeNet55,G2S,210,10041,29,True,True,-0.4021775722503662,0.4021775722503662,-0.0752411037683487,64.02220916748047,0.0029221780132502317,4.5643191697308794e-05,0.4137249501617309,606400,1462209,1463233,605376,2.5044541358947754,3.516612196108326e-05,1.4066448784433305e-05
ShapeNet55,G2S,211,10085,3,True,False,0.024416372179985046,0.0,33.64148712158203,141.8388214111328,9.714018821716309,0.06848631799221039,0.4137249501617309,606400,1462209,1463233,605376,12.739596366882324,0.14539633691310883,0.05815853551030159
ShapeNet55,G2S,212,10115,19,True,False,0.2961963415145874,0.0,6303.12548828125,286.5421142578125,74.26561737060547,0.2591787278652191,0.4137249501617309,606400,1462209,1463233,605376,12.505769729614258,6.271341800689697,2.5085368156433105
ShapeNet55,G2S,213,10220,17,True,False,0.023138314485549927,0.0,45.50487518310547,210.26715087890625,9.353082656860352,0.044481899589300156,0.4137249501617309,606400,1462209,1463233,605376,13.795717239379883,1.0823206901550293,0.43292829394340515
ShapeNet55,G2S,214,10242,4,True,False,0.05095478147268295,0.0,25.006128311157227,155.91896057128906,3.147477149963379,0.020186621695756912,0.4137249501617309,606400,1462209,1463233,605376,11.33649730682373,0.041955653578042984,0.016782261431217194
ShapeNet55,G2S,215,10288,37,True,False,0.5701459646224976,0.0,159.541015625,253.68226623535156,1.1030524969100952,0.004348165355622768,0.4137249501617309,606400,1462209,1463233,605376,20.82306671142578,0.010009688325226307,0.00400387542322278
ShapeNet55,G2S,216,10372,29,True,False,0.5808547735214233,0.0,13395.3828125,637.623291015625,36.167911529541016,0.056723009794950485,0.4137249501617309,606400,1462209,1463233,605376,7.814354419708252,0.2808961272239685,0.1123584508895874
ShapeNet55,G2S,217,10449,32,True,True,-0.5406310558319092,0.5406310558319092,-57.4720344543457,397.9219970703125,0.26715150475502014,0.000671366520691663,0.4137249501617309,606400,1462209,1463233,605376,17.384014129638672,0.0035379454493522644,0.0014151781797409058
ShapeNet55,G2S,218,10471,44,True,False,0.3300742506980896,0.0,36.870147705078125,133.16976928710938,0.8387983441352844,0.006298714317381382,0.4137249501617309,606400,1462209,1463233,605376,5.260831832885742,0.013434245251119137,0.005373698193579912
ShapeNet55,G2S,219,10508,3,True,False,0.018664879724383354,0.0,5285.4697265625,2155.7607421875,131.3583984375,0.060933664441108704,0.4137249501617309,606400,1462209,1463233,605376,41.482749938964844,5.985528945922852,2.394211530685425
ShapeNet55,S2G,0,1,34,True,False,0.0005262259510345757,0.0,1.1740981340408325,301.7616271972656,7.393807411193848,0.024502145126461983,0.04636308776524313,1462209,68864,1463233,67840,6.119196891784668,0.5543615818023682,0.22174464166164398
ShapeNet55,S2G,1,10,23,True,True,-0.0008789161802269518,0.0008789161802269518,-4.359760284423828,551.092041015625,9.001005172729492,0.01633303426206112,0.04636308776524313,1462209,68864,1463233,67840,19.19118309020996,0.25822913646698,0.10329165309667587
ShapeNet55,S2G,2,11,48,True,True,-0.0021289426367729902,0.0021289426367729902,-14.591412544250488,291.4457092285156,23.51666259765625,0.0806896835565567,0.04636308776524313,1462209,68864,1463233,67840,15.974398612976074,1.6330620050430298,0.6532248258590698
ShapeNet55,S2G,3,14,27,True,True,-0.0009346752776764333,0.0009346752776764333,-1.9779657125473022,382.922119140625,5.526466369628906,0.014432351104915142,0.04636308776524313,1462209,68864,1463233,67840,27.80957794189453,0.2133326232433319,0.08533304929733276
ShapeNet55,S2G,4,17,23,True,False,0.006549287587404251,0.0,36.344017028808594,96.4365463256836,57.54362869262695,0.5966994166374207,0.04636308776524313,1462209,68864,1463233,67840,13.10304069519043,6.938156604766846,2.7752625942230225
ShapeNet55,S2G,5,38,42,True,False,2.0946312361047603e-05,0.0,0.04679810255765915,106.29898071289062,21.018009185791016,0.19772540032863617,0.04636308776524313,1462209,68864,1463233,67840,12.132622718811035,2.805579662322998,1.1222318410873413
ShapeNet55,S2G,6,43,51,True,True,-0.002014066791161895,0.002014066791161895,-4.989893913269043,180.69752502441406,13.71087646484375,0.07587750256061554,0.04636308776524313,1462209,68864,1463233,67840,10.890625,3.7966856956481934,1.5186742544174194
ShapeNet55,S2G,7,45,17,True,True,-0.0023636852856725454,0.0023636852856725454,-0.35362422466278076,25.268632888793945,5.920666217803955,0.23430892825126648,0.04636308776524313,1462209,68864,1463233,67840,4.9706268310546875,0.9463105201721191,0.37852421402931213
ShapeNet55,S2G,8,95,15,True,False,0.0022853955160826445,0.0,1.1890547275543213,255.34117126464844,2.0376031398773193,0.007979923859238625,0.04636308776524313,1462209,68864,1463233,67840,14.499275207519531,0.07109059393405914,0.028436237946152687
ShapeNet55,S2G,9,100,27,True,True,-0.006575170438736677,0.006575170438736677,-97.79309844970703,458.9321594238281,32.40803527832031,0.07061617821455002,0.04636308776524313,1462209,68864,1463233,67840,27.277122497558594,1.9696028232574463,0.7878411412239075
ShapeNet55,S2G,10,101,51,True,False,0.0027570982929319143,0.0,9.848095893859863,278.26531982421875,12.836332321166992,0.04612983018159866,0.04636308776524313,1462209,68864,1463233,67840,11.687806129455566,2.7870285511016846,1.1148114204406738
ShapeNet55,S2G,11,109,12,True,True,-0.0005939511465840042,0.0005939511465840042,-0.8511791229248047,124.23643493652344,11.535097122192383,0.09284794330596924,0.04636308776524313,1462209,68864,1463233,67840,9.843526840209961,0.4883403182029724,0.19533613324165344
ShapeNet55,S2G,12,138,52,True,False,0.010165042243897915,0.0,79.94009399414062,202.33187866210938,38.8679084777832,0.19209977984428406,0.04636308776524313,1462209,68864,1463233,67840,12.508715629577637,5.093792915344238,2.0375173091888428
ShapeNet55,S2G,13,167,14,True,False,0.012106033973395824,0.0,17.26763343811035,138.2344970703125,10.318450927734375,0.0746445432305336,0.04636308776524313,1462209,68864,1463233,67840,14.344645500183105,0.44666993618011475,0.17866797745227814
ShapeNet55,S2G,14,212,14,True,False,0.010702116414904594,0.0,33.73374938964844,157.35479736328125,20.03156852722168,0.12730193138122559,0.04636308776524313,1462209,68864,1463233,67840,12.486329078674316,0.8802533149719238,0.35210132598876953
ShapeNet55,S2G,15,216,26,True,True,-0.0013554183533415198,0.0013554183533415198,-0.2371978908777237,184.47308349609375,0.9486465454101562,0.005142465699464083,0.04636308776524313,1462209,68864,1463233,67840,4.399051666259766,0.027652155607938766,0.011060862801969051
ShapeNet55,S2G,16,251,52,True,True,-0.0011618525022640824,0.0011618525022640824,-1.0461446046829224,66.66796875,13.505899429321289,0.20258453488349915,0.04636308776524313,1462209,68864,1463233,67840,6.265291213989258,0.5827276110649109,0.23309104144573212
ShapeNet55,S2G,17,349,13,True,True,-0.0016275363741442561,0.0016275363741442561,-23.85419464111328,467.747802734375,31.3344669342041,0.06699009239673615,0.04636308776524313,1462209,68864,1463233,67840,19.76547622680664,3.6912360191345215,1.4764944314956665
ShapeNet55,S2G,18,369,14,True,False,0.0030737139750272036,0.0,19.208593368530273,258.6940612792969,24.157146453857422,0.09338114410638809,0.04636308776524313,1462209,68864,1463233,67840,10.82592487335205,1.3405203819274902,0.5362081527709961
ShapeNet55,S2G,19,381,12,True,False,0.0012703152606263757,0.0,1.7655483484268188,73.14075469970703,19.002408981323242,0.2598060369491577,0.04636308776524313,1462209,68864,1463233,67840,12.518790245056152,1.034683346748352,0.4138733446598053
ShapeNet55,S2G,20,472,45,True,True,-0.0026552716735750437,0.0026552716735750437,-0.27253034710884094,106.72064208984375,0.9617395401000977,0.009011748246848583,0.04636308776524313,1462209,68864,1463233,67840,1.7685927152633667,0.035295698791742325,0.014118279330432415
ShapeNet55,S2G,21,505,47,True,False,0.0017416245536878705,0.0,0.515031635761261,130.61647033691406,2.264025926589966,0.017333388328552246,0.04636308776524313,1462209,68864,1463233,67840,11.896297454833984,0.05157901719212532,0.020631607621908188
ShapeNet55,S2G,22,540,52,True,True,-0.00044299388537183404,0.00044299388537183404,-1.3116568326950073,120.38729095458984,24.59471893310547,0.20429663360118866,0.04636308776524313,1462209,68864,1463233,67840,15.48157787322998,1.5427638292312622,0.6171055436134338
ShapeNet55,S2G,23,558,8,True,False,0.006160694174468517,0.0,21.863815307617188,89.01140594482422,39.87040328979492,0.4479246437549591,0.04636308776524313,1462209,68864,1463233,67840,14.240805625915527,3.6525721549987793,1.4610289335250854
ShapeNet55,S2G,24,594,54,True,True,-0.001037140260450542,0.001037140260450542,-2.648149013519287,151.22015380859375,16.88477325439453,0.11165689677000046,0.04636308776524313,1462209,68864,1463233,67840,15.69457721710205,1.320490837097168,0.5281963348388672
ShapeNet55,S2G,25,644,42,True,False,0.00870051421225071,0.0,20.673259735107422,85.67351531982422,27.73431396484375,0.3237209618091583,0.04636308776524313,1462209,68864,1463233,67840,13.906427383422852,3.0827858448028564,1.2331143617630005
ShapeNet55,S2G,26,727,31,True,False,0.001930616213940084,0.0,0.3153834044933319,146.088623046875,1.1182180643081665,0.007654381450265646,0.04636308776524313,1462209,68864,1463233,67840,7.872546195983887,0.02879774384200573,0.011519097723066807
ShapeNet55,S2G,27,795,22,True,False,0.0005035502254031599,0.0,1.9696258306503296,118.02945709228516,33.13985061645508,0.28077611327171326,0.04636308776524313,1462209,68864,1463233,67840,9.110860824584961,1.6533535718917847,0.6613414287567139
ShapeNet55,S2G,28,844,50,True,False,0.004036173690110445,0.0,1.9498578310012817,26.69805335998535,18.09478759765625,0.6777567863464355,0.04636308776524313,1462209,68864,1463233,67840,5.156787395477295,1.098409652709961,0.43936386704444885
ShapeNet55,S2G,29,883,9,True,False,0.002779519185423851,0.0,6.543727874755859,224.71665954589844,10.476597785949707,0.04662136733531952,0.04636308776524313,1462209,68864,1463233,67840,10.063397407531738,0.7392523884773254,0.29570096731185913
ShapeNet55,S2G,30,898,31,True,True,-0.002392355352640152,0.002392355352640152,-22.659175872802734,246.33755493164062,38.449241638183594,0.15608355402946472,0.04636308776524313,1462209,68864,1463233,67840,12.51476764678955,1.0416812896728516,0.4166725277900696
ShapeNet55,S2G,31,932,9,True,False,0.0014176358235999942,0.0,1.526025652885437,190.8900909423828,5.639151573181152,0.02954135276377201,0.04636308776524313,1462209,68864,1463233,67840,10.538589477539062,0.29637524485588074,0.11855009943246841
ShapeNet55,S2G,32,934,36,True,False,0.005733291618525982,0.0,61.58841323852539,389.7452392578125,27.562217712402344,0.07071854919195175,0.04636308776524313,1462209,68864,1463233,67840,14.330564498901367,0.546447217464447,0.21857888996601105
ShapeNet55,S2G,33,939,37,True,False,0.0010126219131052494,0.0,0.10497579723596573,428.85919189453125,0.24172808229923248,0.0005636537098325789,0.04636308776524313,1462209,68864,1463233,67840,17.80559539794922,0.006758331321179867,0.0027033325750380754
ShapeNet55,S2G,34,954,49,True,True,-0.0010723889572545886,0.0010723889572545886,-0.7151288986206055,268.97808837890625,2.479220151901245,0.00921718217432499,0.04636308776524313,1462209,68864,1463233,67840,15.933320045471191,0.06375204026699066,0.025500817224383354
ShapeNet55,S2G,35,955,5,True,True,-9.502688772045076e-05,9.502688772045076e-05,-0.19536340236663818,94.48301696777344,21.759201049804688,0.2302974909543991,0.04636308776524313,1462209,68864,1463233,67840,10.38519287109375,0.7795835137367249,0.3118334114551544
ShapeNet55,S2G,36,973,5,True,False,0.0038713044486939907,0.0,25.245262145996094,298.8077087402344,21.823820114135742,0.07303633540868759,0.04636308776524313,1462209,68864,1463233,67840,13.668819427490234,1.0434281826019287,0.4173712730407715
ShapeNet55,S2G,37,1003,15,True,False,5.683131894329563e-05,0.0,0.03575889766216278,491.2278137207031,1.2808947563171387,0.0026075372006744146,0.04636308776524313,1462209,68864,1463233,67840,17.21672248840332,0.04570955038070679,0.018283819779753685
ShapeNet55,S2G,38,1058,45,True,True,-0.0006526146316900849,0.0006526146316900849,-0.26719769835472107,172.01304626464844,2.3802058696746826,0.013837357051670551,0.04636308776524313,1462209,68864,1463233,67840,2.205289840698242,0.08069176226854324,0.0322767049074173
ShapeNet55,S2G,39,1151,39,True,False,0.0027790057938545942,0.0,0.030517607927322388,85.01659393310547,0.12916871905326843,0.0015193354338407516,0.04636308776524313,1462209,68864,1463233,67840,8.193198204040527,0.0027035849634557962,0.0010814339620992541
ShapeNet55,S2G,40,1162,11,True,False,0.00022768860799260437,0.0,1.4862583875656128,122.10169982910156,53.460289001464844,0.43783411383628845,0.04636308776524313,1462209,68864,1463233,67840,14.773579597473145,7.093645095825195,2.8374581336975098
ShapeNet55,S2G,41,1186,24,True,True,-0.000986709725111723,0.000986709725111723,-8.937271118164062,500.7030029296875,18.08986473083496,0.036128930747509,0.04636308776524313,1462209,68864,1463233,67840,28.04685401916504,0.8950906991958618,0.3580362796783447
ShapeNet55,S2G,42,1226,12,True,True,-0.0019372443202883005,0.0019372443202883005,-1.3199938535690308,54.8814811706543,12.415428161621094,0.22622254490852356,0.04636308776524313,1462209,68864,1463233,67840,9.065441131591797,0.5260642170906067,0.21042568981647491
ShapeNet55,S2G,43,1351,30,True,True,-0.00041876418981701136,0.00041876418981701136,-0.31655657291412354,130.08935546875,5.810854911804199,0.044668182730674744,0.04636308776524313,1462209,68864,1463233,67840,6.522996425628662,0.23465484380722046,0.09386193752288818
ShapeNet55,S2G,44,1370,26,True,True,-0.0003859597782138735,0.0003859597782138735,-0.2936115264892578,247.74790954589844,3.070584535598755,0.012393987737596035,0.04636308776524313,1462209,68864,1463233,67840,4.760565280914307,0.10176455974578857,0.04070582613348961
ShapeNet55,S2G,45,1381,3,True,False,0.0007152452017180622,0.0,1.0818284749984741,79.52532958984375,19.019451141357422,0.23916217684745789,0.04636308776524313,1462209,68864,1463233,67840,15.835959434509277,4.8334126472473145,1.9333651065826416
ShapeNet55,S2G,46,1544,35,True,True,-0.00018482153245713562,0.00018482153245713562,-0.8241481781005859,197.51393127441406,22.576416015625,0.11430290341377258,0.04636308776524313,1462209,68864,1463233,67840,13.093435287475586,1.4208375215530396,0.5683349967002869
ShapeNet55,S2G,47,1604,19,True,True,-0.001959310146048665,0.001959310146048665,-0.029474515467882156,52.528953552246094,0.2863813638687134,0.005451876204460859,0.04636308776524313,1462209,68864,1463233,67840,9.7718505859375,0.007940630428493023,0.0031762521248310804
ShapeNet55,S2G,48,1665,25,True,True,-0.002916782395914197,0.002916782395914197,-3.0162556171417236,65.42925262451172,15.804915428161621,0.24155732989311218,0.04636308776524313,1462209,68864,1463233,67840,12.379756927490234,3.016920566558838,1.206768274307251
ShapeNet55,S2G,49,1721,16,True,True,-0.0011648122454062104,0.0011648122454062104,-0.1513645350933075,77.1304702758789,1.6847763061523438,0.0218432005494833,0.04636308776524313,1462209,68864,1463233,67840,10.094780921936035,0.029667677357792854,0.011867071501910686
ShapeNet55,S2G,50,1748,36,True,False,0.00608836067840457,0.0,1.555762767791748,115.64337921142578,2.209643602371216,0.0191073939204216,0.04636308776524313,1462209,68864,1463233,67840,14.829694747924805,0.048652734607458115,0.019461093470454216
ShapeNet55,S2G,51,1764,7,True,False,0.00027092325035482645,0.0,0.8499401807785034,100.0512924194336,31.355905532836914,0.3133983016014099,0.04636308776524313,1462209,68864,1463233,67840,14.668634414672852,3.575486183166504,1.4301944971084595
ShapeNet55,S2G,52,1792,22,True,True,-0.004618847742676735,0.004618847742676735,-0.7199437618255615,114.8789291381836,1.3568272590637207,0.01181093230843544,0.04636308776524313,1462209,68864,1463233,67840,9.38564395904541,0.0380135253071785,0.015205410309135914
ShapeNet55,S2G,53,1854,5,True,False,0.003752542659640312,0.0,59.54450988769531,366.6959228515625,43.27230453491211,0.11800596117973328,0.04636308776524313,1462209,68864,1463233,67840,20.326496124267578,2.0674233436584473,0.82696932554245
ShapeNet55,S2G,54,1857,16,True,False,0.00016895783483050764,0.0,0.003627956612035632,80.52213287353516,0.2666665315628052,0.0033117171842604876,0.04636308776524313,1462209,68864,1463233,67840,13.581253051757812,0.004336833953857422,0.0017347335815429688
ShapeNet55,S2G,55,1872,17,True,True,-0.0027338003274053335,0.0027338003274053335,-0.2681393623352051,28.170761108398438,3.4817309379577637,0.1235937848687172,0.04636308776524313,1462209,68864,1463233,67840,5.858891487121582,0.8203223943710327,0.32812896370887756
ShapeNet55,S2G,56,2006,4,True,True,-0.000859876221511513,0.000859876221511513,-2.5680694580078125,134.4558868408203,22.21217155456543,0.16520044207572937,0.04636308776524313,1462209,68864,1463233,67840,13.876850128173828,0.6473284363746643,0.25893136858940125
ShapeNet55,S2G,57,2009,15,True,True,-0.004412635695189238,0.004412635695189238,-4.150572776794434,345.8422546386719,2.7197682857513428,0.007864187471568584,0.04636308776524313,1462209,68864,1463233,67840,12.516961097717285,0.093072310090065,0.03722892329096794
ShapeNet55,S2G,58,2224,12,True,True,-0.0059539806097745895,0.0059539806097745895,-8.539791107177734,85.3871078491211,16.797611236572266,0.19672304391860962,0.04636308776524313,1462209,68864,1463233,67840,12.468378067016602,0.8360751867294312,0.334430068731308
ShapeNet55,S2G,59,2243,40,True,False,0.0012834410881623626,0.0,0.3263818025588989,92.75862121582031,2.741547107696533,0.029555711895227432,0.04636308776524313,1462209,68864,1463233,67840,5.819686412811279,0.09280344843864441,0.03712138161063194
ShapeNet55,S2G,60,2245,6,True,True,-0.0006848416524007916,0.0006848416524007916,-2.9669930934906006,94.5989761352539,45.797306060791016,0.48412051796913147,0.04636308776524313,1462209,68864,1463233,67840,11.232444763183594,1.8703546524047852,0.748141884803772
ShapeNet55,S2G,61,2277,15,True,False,0.0010137604549527168,0.0,3.0502121448516846,137.4785919189453,21.885658264160156,0.15919320285320282,0.04636308776524313,1462209,68864,1463233,67840,14.750433921813965,0.8974153995513916,0.3589661717414856
ShapeNet55,S2G,62,2307,22,True,False,0.008386566303670406,0.0,207.05511474609375,617.786865234375,39.963462829589844,0.06468810886144638,0.04636308776524313,1462209,68864,1463233,67840,33.35830307006836,4.114965438842773,1.6459861993789673
ShapeNet55,S2G,63,2331,11,True,True,-0.0021151446271687746,0.0021151446271687746,-0.09346210211515427,33.78972244262695,1.3077081441879272,0.03870135918259621,0.04636308776524313,1462209,68864,1463233,67840,5.232156276702881,0.03796509653329849,0.015186038799583912
ShapeNet55,S2G,64,2392,54,True,True,-0.0017850165022537112,0.0017850165022537112,-6.325263977050781,184.59896850585938,19.19584083557129,0.1039867177605629,0.04636308776524313,1462209,68864,1463233,67840,15.662089347839355,1.7648578882217407,0.7059431672096252
ShapeNet55,S2G,65,2420,38,True,True,-0.0007542268140241504,0.0007542268140241504,-0.6397850513458252,232.9776611328125,3.6409761905670166,0.01562800630927086,0.04636308776524313,1462209,68864,1463233,67840,24.114965438842773,0.09849829971790314,0.039399322122335434
ShapeNet55,S2G,66,2479,42,True,False,0.00065658800303936,0.0,10.106613159179688,468.72967529296875,32.83902359008789,0.07005961984395981,0.04636308776524313,1462209,68864,1463233,67840,21.01372528076172,1.657867670059204,0.6631470918655396
ShapeNet55,S2G,67,2495,7,True,False,0.005989031866192818,0.0,48.30696105957031,156.709228515625,51.470516204833984,0.3284459710121155,0.04636308776524313,1462209,68864,1463233,67840,7.435650825500488,6.906187057495117,2.762474775314331
ShapeNet55,S2G,68,2637,16,True,False,0.005203877575695515,0.0,0.05568791925907135,72.08014678955078,0.14846301078796387,0.0020596934482455254,0.04636308776524313,1462209,68864,1463233,67840,10.862070083618164,0.0027853762730956078,0.001114150509238243
ShapeNet55,S2G,69,2717,44,True,False,0.002934240037575364,0.0,2.786173105239868,452.1778869628906,2.099921941757202,0.0046440172009170055,0.04636308776524313,1462209,68864,1463233,67840,5.546978950500488,0.048629455268383026,0.01945178210735321
ShapeNet55,S2G,70,2732,47,True,False,0.0009287703433074057,0.0,0.42313361167907715,101.96236419677734,4.468165874481201,0.04382171854376793,0.04636308776524313,1462209,68864,1463233,67840,10.901938438415527,0.10071482509374619,0.040285930037498474
ShapeNet55,S2G,71,2793,32,True,False,6.258256689761765e-06,0.0,0.018309254199266434,201.0343475341797,14.552815437316895,0.07238969951868057,0.04636308776524313,1462209,68864,1463233,67840,14.790777206420898,0.6564532518386841,0.26258131861686707
ShapeNet55,S2G,72,2822,38,True,True,-0.0004883524961769581,0.0004883524961769581,-3.997316598892212,488.7105712890625,16.748788833618164,0.03427138552069664,0.04636308776524313,1462209,68864,1463233,67840,27.344472885131836,0.4642934799194336,0.1857173889875412
ShapeNet55,S2G,73,2904,51,True,False,0.004573792219161987,0.0,15.86987590789795,218.34291076660156,15.891247749328613,0.07278114557266235,0.04636308776524313,1462209,68864,1463233,67840,11.082403182983398,2.6311757564544678,1.052470326423645
ShapeNet55,S2G,74,2906,9,True,False,0.0014779965858906507,0.0,5.66256046295166,152.37448120117188,25.143583297729492,0.16501177847385406,0.04636308776524313,1462209,68864,1463233,67840,14.596003532409668,1.5437719821929932,0.6175088286399841
ShapeNet55,S2G,75,2974,28,True,True,-0.0063744946382939816,0.0063744946382939816,-55.0478401184082,401.95965576171875,21.48384666442871,0.05344776809215546,0.04636308776524313,1462209,68864,1463233,67840,26.184707641601562,2.485802173614502,0.9943208694458008
ShapeNet55,S2G,76,2997,16,True,True,-0.001554529764689505,0.001554529764689505,-0.07099957764148712,102.57103729248047,0.44527876377105713,0.004341174382716417,0.04636308776524313,1462209,68864,1463233,67840,12.414416313171387,0.007417045533657074,0.002966818166896701
ShapeNet55,S2G,77,3006,11,True,False,0.0011324587976559997,0.0,0.22728797793388367,68.24871826171875,2.9407596588134766,0.04308886453509331,0.04636308776524313,1462209,68864,1463233,67840,6.918366432189941,0.07133705168962479,0.028534820303320885
ShapeNet55,S2G,78,3092,41,True,True,-0.003501154948025942,0.003501154948025942,-3.2310032844543457,77.07089233398438,11.973901748657227,0.15536217391490936,0.04636308776524313,1462209,68864,1463233,67840,23.982900619506836,1.1328308582305908,0.45313236117362976
ShapeNet55,S2G,79,3107,21,True,True,-0.0027208307292312384,0.0027208307292312384,-2.8610939979553223,69.02320098876953,15.234756469726562,0.2207193523645401,0.04636308776524313,1462209,68864,1463233,67840,11.302173614501953,1.7692668437957764,0.7077067494392395
ShapeNet55,S2G,80,3179,33,True,True,-0.0032527579460293055,0.0032527579460293055,-8.429657936096191,72.28304290771484,35.852691650390625,0.496004194021225,0.04636308776524313,1462209,68864,1463233,67840,9.302202224731445,7.676447868347168,3.0705792903900146
ShapeNet55,S2G,81,3182,10,True,True,-0.002449322259053588,0.002449322259053588,-2.6321582794189453,283.598876953125,3.7893223762512207,0.013361556455492973,0.04636308776524313,1462209,68864,1463233,67840,11.508843421936035,0.1591012179851532,0.06364049017429352
ShapeNet55,S2G,82,3260,0,True,False,0.0006858792039565742,0.0,1.754274606704712,53.036495208740234,48.225318908691406,0.9092855453491211,0.04636308776524313,1462209,68864,1463233,67840,3.5391101837158203,2.4816932678222656,0.9926773309707642
ShapeNet55,S2G,83,3327,29,True,False,0.0019852835685014725,0.0,41.95256805419922,560.680419921875,37.68952178955078,0.06722103804349899,0.04636308776524313,1462209,68864,1463233,67840,10.757430076599121,7.102395057678223,2.8409581184387207
ShapeNet55,S2G,84,3334,53,True,False,0.001977978739887476,0.0,9.702046394348145,177.42591857910156,27.6455135345459,0.15581440925598145,0.04636308776524313,1462209,68864,1463233,67840,10.664461135864258,0.9469223618507385,0.3787689507007599
ShapeNet55,S2G,85,3339,39,True,False,0.0038013102021068335,0.0,0.12490174919366837,84.7036361694336,0.38791191577911377,0.004579637199640274,0.04636308776524313,1462209,68864,1463233,67840,11.593080520629883,0.006706941872835159,0.00268277688883245
ShapeNet55,S2G,86,3379,6,True,True,-0.003062454517930746,0.003062454517930746,-4.206935405731201,307.1023254394531,4.473146438598633,0.014565655030310154,0.04636308776524313,1462209,68864,1463233,67840,10.884495735168457,0.17222262918949127,0.06888905167579651
ShapeNet55,S2G,87,3411,24,True,False,0.004359198268502951,0.0,164.6207275390625,839.6040649414062,44.978336334228516,0.05357088893651962,0.04636308776524313,1462209,68864,1463233,67840,36.311241149902344,3.1674046516418457,1.266961932182312
ShapeNet55,S2G,88,3485,29,True,True,-0.0011869925074279308,0.0011869925074279308,-0.1697697639465332,149.10107421875,0.9592494964599609,0.006433551665395498,0.04636308776524313,1462209,68864,1463233,67840,3.6905388832092285,0.03609699010848999,0.014438795857131481
ShapeNet55,S2G,89,3493,52,True,False,0.0035498514771461487,0.0,4.360043525695801,55.307167053222656,22.207477569580078,0.40152981877326965,0.04636308776524313,1462209,68864,1463233,67840,6.683484077453613,0.9105143547058105,0.3642057478427887
ShapeNet55,S2G,90,3547,8,True,False,0.0028561591170728207,0.0,3.1634597778320312,134.31251525878906,8.246381759643555,0.061396971344947815,0.04636308776524313,1462209,68864,1463233,67840,16.081716537475586,0.34348374605178833,0.1373935043811798
ShapeNet55,S2G,91,3625,13,True,False,0.0037416587583720684,0.0,23.66228485107422,161.62579345703125,39.12747573852539,0.24208682775497437,0.04636308776524313,1462209,68864,1463233,67840,15.006166458129883,3.0499343872070312,1.2199738025665283
ShapeNet55,S2G,92,3676,51,True,False,0.004034776706248522,0.0,12.464677810668945,88.74821472167969,34.80983352661133,0.39223137497901917,0.04636308776524313,1462209,68864,1463233,67840,6.170352458953857,6.902713775634766,2.7610855102539062
ShapeNet55,S2G,93,3713,3,True,False,0.0037338207475841045,0.0,3.9175217151641846,49.6588020324707,21.128162384033203,0.4254666268825531,0.04636308776524313,1462209,68864,1463233,67840,17.157428741455078,1.9297435283660889,0.7718974351882935
ShapeNet55,S2G,94,3734,23,True,True,-0.0028420183807611465,0.0028420183807611465,-109.00438690185547,2544.8330078125,15.071545600891113,0.005922410637140274,0.04636308776524313,1462209,68864,1463233,67840,31.097692489624023,0.5253481268882751,0.21013925969600677
ShapeNet55,S2G,95,3769,30,True,True,-7.415924483211711e-05,7.415924483211711e-05,-0.34976905584335327,428.5377502441406,11.005936622619629,0.025682536885142326,0.04636308776524313,1462209,68864,1463233,67840,7.099386692047119,0.49906396865844727,0.19962559640407562
ShapeNet55,S2G,96,3823,37,True,False,0.001982425106689334,0.0,10.00747013092041,156.39732360839844,32.277374267578125,0.20638060569763184,0.04636308776524313,1462209,68864,1463233,67840,11.724617958068848,1.266906499862671,0.5067626237869263
ShapeNet55,S2G,97,4025,21,True,False,0.003173734061419964,0.0,13.318696975708008,225.03805541992188,18.648128509521484,0.08286655694246292,0.04636308776524313,1462209,68864,1463233,67840,16.148000717163086,1.8199272155761719,0.7279708981513977
ShapeNet55,S2G,98,4059,45,True,False,0.007814166136085987,0.0,29.100385665893555,68.14637756347656,54.64787673950195,0.8019190430641174,0.04636308776524313,1462209,68864,1463233,67840,8.212554931640625,6.584428787231445,2.6337716579437256
ShapeNet55,S2G,99,4084,30,True,True,-0.0024326734710484743,0.0024326734710484743,-4.3601789474487305,493.9596252441406,3.62851619720459,0.0073457746766507626,0.04636308776524313,1462209,68864,1463233,67840,11.654277801513672,0.16068600118160248,0.06427440047264099
ShapeNet55,S2G,100,4127,26,True,False,0.0015571763506159186,0.0,0.030597619712352753,104.04302215576172,0.18885865807533264,0.0018151977565139532,0.04636308776524313,1462209,68864,1463233,67840,2.1195361614227295,0.0077402666211128235,0.003096106695011258
ShapeNet55,S2G,101,4185,50,True,True,-0.001998316962271929,0.001998316962271929,-0.3164290189743042,47.09075164794922,3.3626084327697754,0.07140698283910751,0.04636308776524313,1462209,68864,1463233,67840,6.00064754486084,0.7318339347839355,0.2927335798740387
ShapeNet55,S2G,102,4214,53,True,True,-0.00022647449804935604,0.00022647449804935604,-2.3817498683929443,319.0788269042969,32.95936584472656,0.10329537093639374,0.04636308776524313,1462209,68864,1463233,67840,24.557111740112305,2.1438615322113037,0.8575446009635925
ShapeNet55,S2G,103,4235,49,True,False,0.00943599920719862,0.0,4.544040203094482,69.59130096435547,6.919891834259033,0.09943616390228271,0.04636308776524313,1462209,68864,1463233,67840,10.072757720947266,0.20800168812274933,0.08320067822933197
ShapeNet55,S2G,104,4243,41,True,False,0.003974180202931166,0.0,30.147397994995117,207.569580078125,36.54589080810547,0.17606574296951294,0.04636308776524313,1462209,68864,1463233,67840,13.044888496398926,4.294990539550781,1.7179962396621704
ShapeNet55,S2G,105,4342,10,True,True,-0.003490519942715764,0.003490519942715764,-2.616065502166748,287.176513671875,2.609813928604126,0.009087839163839817,0.04636308776524313,1462209,68864,1463233,67840,10.120499610900879,0.10741999000310898,0.04296799749135971
ShapeNet55,S2G,106,4463,47,True,False,0.0035521897953003645,0.0,12.882609367370605,129.62619018554688,27.977888107299805,0.21583515405654907,0.04636308776524313,1462209,68864,1463233,67840,10.92926025390625,0.8732518553733826,0.349300742149353
ShapeNet55,S2G,107,4535,1,True,True,-0.0008208294748328626,0.0008208294748328626,-6.462785720825195,236.49710083007812,33.292083740234375,0.14077164232730865,0.04636308776524313,1462209,68864,1463233,67840,19.543270111083984,4.408697605133057,1.7634791135787964
ShapeNet55,S2G,108,4541,18,True,False,0.004044700879603624,0.0,0.0698508471250534,88.11092376708984,0.19599974155426025,0.0022244658321142197,0.04636308776524313,1462209,68864,1463233,67840,10.178813934326172,0.004819799214601517,0.0019279196858406067
ShapeNet55,S2G,109,4595,48,True,True,-0.004096535500138998,0.004096535500138998,-29.490610122680664,324.8612976074219,22.15996551513672,0.06821361929178238,0.04636308776524313,1462209,68864,1463233,67840,17.859155654907227,2.7967119216918945,1.1186847686767578
ShapeNet55,S2G,110,4599,43,True,False,0.002210295991972089,0.0,5.194356441497803,109.21839141845703,21.517189025878906,0.19701068103313446,0.04636308776524313,1462209,68864,1463233,67840,9.731544494628906,2.991704225540161,1.1966817378997803
ShapeNet55,S2G,111,4765,47,True,True,-0.000641608436126262,0.000641608436126262,-0.767642617225647,166.63165283203125,7.180116653442383,0.04308975115418434,0.04636308776524313,1462209,68864,1463233,67840,9.163640022277832,0.12820905447006226,0.05128362402319908
ShapeNet55,S2G,112,4785,10,True,False,0.001289974432438612,0.0,0.47597455978393555,105.36543273925781,3.501905918121338,0.033235814422369,0.04636308776524313,1462209,68864,1463233,67840,18.8465576171875,0.16154839098453522,0.06461935490369797
ShapeNet55,S2G,113,4800,35,True,False,0.004990729503333569,0.0,12.946794509887695,184.75558471679688,14.041084289550781,0.07599815726280212,0.04636308776524313,1462209,68864,1463233,67840,18.024320602416992,1.0692002773284912,0.427680104970932
ShapeNet55,S2G,114,4860,0,True,False,0.0037035539280623198,0.0,0.047828808426856995,47.92097091674805,0.26949164271354675,0.005623668432235718,0.04636308776524313,1462209,68864,1463233,67840,3.404247760772705,0.006097760982811451,0.002439104486256838
ShapeNet55,S2G,115,5054,41,True,False,0.016155343502759933,0.0,67.50043487548828,347.38189697265625,12.027716636657715,0.034623902291059494,0.04636308776524313,1462209,68864,1463233,67840,43.697269439697266,0.63230299949646,0.2529211938381195
ShapeNet55,S2G,116,5143,7,True,False,0.0030412892811000347,0.0,40.18599319458008,333.04132080078125,39.675174713134766,0.11912988871335983,0.04636308776524313,1462209,68864,1463233,67840,24.763343811035156,4.216305255889893,1.686522126197815
ShapeNet55,S2G,117,5168,2,True,True,-0.0002023883571382612,0.0002023883571382612,-0.8289860486984253,83.05709075927734,49.315673828125,0.5937563180923462,0.04636308776524313,1462209,68864,1463233,67840,9.329180717468262,3.7364091873168945,1.4945636987686157
ShapeNet55,S2G,118,5185,21,True,False,0.0011130183702334762,0.0,2.6953237056732178,168.14651489257812,14.401931762695312,0.08565108478069305,0.04636308776524313,1462209,68864,1463233,67840,14.72750473022461,1.4753589630126953,0.590143620967865
ShapeNet55,S2G,119,5188,45,True,False,0.005399663932621479,0.0,38.18697738647461,135.5718994140625,52.16495895385742,0.3847770690917969,0.04636308776524313,1462209,68864,1463233,67840,13.356510162353516,10.068507194519043,4.027402877807617
ShapeNet55,S2G,120,5239,4,True,False,0.0011846795678138733,0.0,2.277899980545044,355.5403137207031,5.408102035522461,0.015210938639938831,0.04636308776524313,1462209,68864,1463233,67840,8.818528175354004,0.12335758656263351,0.049343034625053406
ShapeNet55,S2G,121,5255,22,True,False,0.007027813699096441,0.0,72.99203491210938,285.7823791503906,36.34291458129883,0.1271698921918869,0.04636308776524313,1462209,68864,1463233,67840,16.5706844329834,1.2909780740737915,0.5163912177085876
ShapeNet55,S2G,122,5310,31,True,False,0.003115484258159995,0.0,1.5476685762405396,103.16325378417969,4.815344333648682,0.04667693376541138,0.04636308776524313,1462209,68864,1463233,67840,10.144253730773926,0.10774574428796768,0.04309829697012901
ShapeNet55,S2G,123,5347,46,True,True,-0.0018784127896651626,0.0018784127896651626,-0.3485524356365204,285.744140625,0.6493812203407288,0.0022725968156009912,0.04636308776524313,1462209,68864,1463233,67840,9.686768531799316,0.014729679562151432,0.005891872104257345
ShapeNet55,S2G,124,5442,34,True,False,0.0044504450634121895,0.0,36.05936050415039,328.9209899902344,24.633323669433594,0.07489130645990372,0.04636308776524313,1462209,68864,1463233,67840,18.637229919433594,5.92465353012085,2.369861364364624
ShapeNet55,S2G,125,5475,33,True,True,-0.0019247808959335089,0.0019247808959335089,-22.432979583740234,430.999267578125,27.041397094726562,0.06274116784334183,0.04636308776524313,1462209,68864,1463233,67840,7.741151809692383,3.0157692432403564,1.2063077688217163
ShapeNet55,S2G,126,5485,1,True,True,-0.0037480127066373825,0.0037480127066373825,-24.571582794189453,200.69854736328125,32.66539001464844,0.1627584844827652,0.04636308776524313,1462209,68864,1463233,67840,18.76738739013672,4.171196460723877,1.6684786081314087
ShapeNet55,S2G,127,5547,35,True,False,0.002121263649314642,0.0,2.1168954372406006,49.859153747558594,20.01519775390625,0.4014347791671753,0.04636308776524313,1462209,68864,1463233,67840,9.597455024719238,1.6441762447357178,0.6576704978942871
ShapeNet55,S2G,128,5564,26,True,False,0.009360088035464287,0.0,0.16803790628910065,74.3184814453125,0.24156305193901062,0.0032503765542060137,0.04636308776524313,1462209,68864,1463233,67840,2.715949058532715,0.006464403588324785,0.002585761481896043
ShapeNet55,S2G,129,5580,27,True,True,-0.002646557753905654,0.002646557753905654,-35.33072280883789,349.2457275390625,38.224342346191406,0.10944827646017075,0.04636308776524313,1462209,68864,1463233,67840,31.729244232177734,1.3829364776611328,0.553174614906311
ShapeNet55,S2G,130,5623,1,True,False,0.003214798867702484,0.0,7.261646747589111,153.11497497558594,14.752432823181152,0.09634872525930405,0.04636308776524313,1462209,68864,1463233,67840,11.70957088470459,1.4167802333831787,0.5667120814323425
ShapeNet55,S2G,131,5649,5,True,True,-0.0013001615880057216,0.0013001615880057216,-4.860465049743652,147.2447509765625,25.38871192932129,0.17242524027824402,0.04636308776524313,1462209,68864,1463233,67840,14.676246643066406,0.9409236311912537,0.376369446516037
ShapeNet55,S2G,132,5714,20,True,True,-0.0012446350883692503,0.0012446350883692503,-1.2845345735549927,102.2566146850586,10.092815399169922,0.0987008586525917,0.04636308776524313,1462209,68864,1463233,67840,5.575568199157715,0.4104473888874054,0.16417895257472992
ShapeNet55,S2G,133,5875,20,True,True,-0.00030377338407561183,0.00030377338407561183,-3.6983137130737305,462.4925231933594,26.32384490966797,0.05691734328866005,0.04636308776524313,1462209,68864,1463233,67840,7.833529472351074,1.2904255390167236,0.5161702036857605
ShapeNet55,S2G,134,5888,34,True,True,-0.00010706130706239492,0.00010706130706239492,-5.7293219566345215,3741.065673828125,14.304587364196777,0.0038236663676798344,0.04636308776524313,1462209,68864,1463233,67840,42.887550354003906,1.4767295122146606,0.5906918048858643
ShapeNet55,S2G,135,5987,35,True,False,0.0023892384488135576,0.0,2.1433920860290527,52.24968338012695,17.169532775878906,0.3286055028438568,0.04636308776524313,1462209,68864,1463233,67840,10.581517219543457,1.5194071531295776,0.60776287317276
ShapeNet55,S2G,136,6004,13,True,False,0.00018605476361699402,0.0,3.7117199897766113,529.3030395507812,37.69033432006836,0.07120747864246368,0.04636308776524313,1462209,68864,1463233,67840,36.564918518066406,5.600350379943848,2.240140199661255
ShapeNet55,S2G,137,6053,43,True,False,0.0044221533462405205,0.0,16.718021392822266,114.03123474121094,33.15333938598633,0.29073911905288696,0.04636308776524313,1462209,68864,1463233,67840,7.3482136726379395,2.5315771102905273,1.012630820274353
ShapeNet55,S2G,138,6065,8,True,False,0.003836445976048708,0.0,34.834022521972656,288.1924133300781,31.505908966064453,0.10932248085737228,0.04636308776524313,1462209,68864,1463233,67840,15.729371070861816,1.8934988975524902,0.7573995590209961
ShapeNet55,S2G,139,6228,1,True,True,-0.0014214185066521168,0.0014214185066521168,-2.1270954608917236,161.2440948486328,9.280710220336914,0.05755690112709999,0.04636308776524313,1462209,68864,1463233,67840,11.334761619567871,0.5495338439941406,0.2198135405778885
ShapeNet55,S2G,140,6275,53,True,False,0.0006744788261130452,0.0,2.5515365600585938,271.90191650390625,13.913013458251953,0.05116923525929451,0.04636308776524313,1462209,68864,1463233,67840,11.959198951721191,0.3537977635860443,0.14151911437511444
ShapeNet55,S2G,141,6279,7,True,False,0.001145602436736226,0.0,8.319225311279297,201.6198272705078,36.017677307128906,0.17864154279232025,0.04636308776524313,1462209,68864,1463233,67840,18.603700637817383,4.003635883331299,1.6014543771743774
ShapeNet55,S2G,142,6312,21,True,True,-0.0005683532217517495,0.0005683532217517495,-0.8462139368057251,108.39111328125,13.736249923706055,0.12672856450080872,0.04636308776524313,1462209,68864,1463233,67840,12.412840843200684,1.2648605108261108,0.5059441924095154
ShapeNet55,S2G,143,6339,36,True,True,-0.0037601515650749207,0.0037601515650749207,-1.6625471115112305,106.68143463134766,4.144572734832764,0.03884999081492424,0.04636308776524313,1462209,68864,1463233,67840,11.475364685058594,0.07257938385009766,0.029031753540039062
ShapeNet55,S2G,144,6543,32,True,True,-0.0035346359945833683,0.0035346359945833683,-0.0539298839867115,141.27305603027344,0.10800042003393173,0.0007644799770787358,0.04636308776524313,1462209,68864,1463233,67840,16.79377555847168,0.005382332019507885,0.002152932807803154
ShapeNet55,S2G,145,6590,19,True,False,0.0007880180492065847,0.0,0.06783462315797806,95.22512817382812,0.9039900898933411,0.009493188932538033,0.04636308776524313,1462209,68864,1463233,67840,16.126949310302734,0.033605773001909256,0.013442309573292732
ShapeNet55,S2G,146,6628,6,True,False,0.0023842398077249527,0.0,0.6376523971557617,99.16192626953125,2.6970505714416504,0.02719844877719879,0.04636308776524313,1462209,68864,1463233,67840,5.365512847900391,0.0602881982922554,0.02411527931690216
ShapeNet55,S2G,147,6648,33,True,True,-0.004025990609079599,0.004025990609079599,-33.60226821899414,316.610595703125,26.36151695251465,0.083261638879776,0.04636308776524313,1462209,68864,1463233,67840,16.612401962280273,4.134800910949707,1.6539204120635986
ShapeNet55,S2G,148,6752,24,True,False,0.006773312576115131,0.0,2005.179443359375,9748.01171875,30.3693904876709,0.003115444676950574,0.04636308776524313,1462209,68864,1463233,67840,104.78518676757812,2.5034120082855225,1.001364827156067
ShapeNet55,S2G,149,6761,17,True,False,0.005303459707647562,0.0,4.606264591217041,49.93309020996094,17.394067764282227,0.3483475148677826,0.04636308776524313,1462209,68864,1463233,67840,8.22999095916748,1.2280789613723755,0.4912315905094147
ShapeNet55,S2G,150,6817,38,True,False,0.00149448006413877,0.0,5.849491119384766,115.61153411865234,33.855308532714844,0.2928367853164673,0.04636308776524313,1462209,68864,1463233,67840,6.356010913848877,3.823063373565674,1.5292253494262695
ShapeNet55,S2G,151,6998,18,True,False,0.004513532854616642,0.0,8.942748069763184,246.0428466796875,8.052739143371582,0.03272901102900505,0.04636308776524313,1462209,68864,1463233,67840,13.569696426391602,0.20078060030937195,0.08031224459409714
ShapeNet55,S2G,152,7119,36,True,False,0.004077246878296137,0.0,0.9098602533340454,49.9583625793457,4.466830730438232,0.08941107243299484,0.04636308776524313,1462209,68864,1463233,67840,9.050374031066895,0.08895941078662872,0.03558376431465149
ShapeNet55,S2G,153,7138,54,True,False,0.005194953177124262,0.0,30.507352828979492,190.8905487060547,30.76369285583496,0.16115880012512207,0.04636308776524313,1462209,68864,1463233,67840,21.794471740722656,3.669865846633911,1.4679464101791382
ShapeNet55,S2G,154,7156,50,True,True,-0.00037854185211472213,0.00037854185211472213,-0.07750756293535233,37.50990676879883,5.45863676071167,0.14552520215511322,0.04636308776524313,1462209,68864,1463233,67840,5.654356479644775,0.7703812122344971,0.3081524968147278
ShapeNet55,S2G,155,7184,20,True,False,0.0010701054707169533,0.0,0.9254757761955261,58.6939582824707,14.734827995300293,0.2510450482368469,0.04636308776524313,1462209,68864,1463233,67840,4.325283527374268,0.5735878348350525,0.22943513095378876
ShapeNet55,S2G,156,7245,2,True,False,0.001000904361717403,0.0,3.9095208644866943,165.8587646484375,23.550086975097656,0.14198879897594452,0.04636308776524313,1462209,68864,1463233,67840,9.920984268188477,2.0416412353515625,0.8166565299034119
ShapeNet55,S2G,157,7265,41,True,False,0.0017451680032536387,0.0,8.9616117477417,236.39486694335938,21.722551345825195,0.09189096093177795,0.04636308776524313,1462209,68864,1463233,67840,24.12201690673828,2.202333688735962,0.8809334635734558
ShapeNet55,S2G,158,7287,54,True,False,0.0045080543495714664,0.0,10.274659156799316,128.96047973632812,17.6734619140625,0.13704556226730347,0.04636308776524313,1462209,68864,1463233,67840,19.271324157714844,1.525756597518921,0.6103026270866394
ShapeNet55,S2G,159,7480,33,True,False,0.0078266691416502,0.0,71.59210968017578,250.23281860351562,36.55475997924805,0.14608299732208252,0.04636308776524313,1462209,68864,1463233,67840,17.905696868896484,5.767784118652344,2.3071136474609375
ShapeNet55,S2G,160,7569,31,True,False,4.170601641817484e-06,0.0,1.3448327081277966e-05,40.63926696777344,0.07934575527906418,0.0019524405943229795,0.04636308776524313,1462209,68864,1463233,67840,5.882334232330322,0.002177488524466753,0.000870995398145169
ShapeNet55,S2G,161,7602,40,True,True,-0.0029172187205404043,0.0029172187205404043,-2.620980978012085,156.78292846679688,5.7305474281311035,0.03655083850026131,0.04636308776524313,1462209,68864,1463233,67840,6.019217491149902,0.20746281743049622,0.08298512548208237
ShapeNet55,S2G,162,7642,43,True,True,-0.003892169799655676,0.003892169799655676,-7.692508220672607,46.449832916259766,42.54926300048828,0.9160261750221252,0.04636308776524313,1462209,68864,1463233,67840,7.329493522644043,3.6117868423461914,1.4447147846221924
ShapeNet55,S2G,163,7699,34,True,True,-0.002936638193204999,0.002936638193204999,-16.16705322265625,227.1341094970703,24.23807144165039,0.10671260207891464,0.04636308776524313,1462209,68864,1463233,67840,6.949220657348633,5.042614936828613,2.0170459747314453
ShapeNet55,S2G,164,7700,50,True,True,-0.002493294421583414,0.002493294421583414,-1.7521631717681885,75.15483856201172,9.35069751739502,0.12441910058259964,0.04636308776524313,1462209,68864,1463233,67840,5.2528076171875,0.8897013664245605,0.3558805584907532
ShapeNet55,S2G,165,7768,32,True,False,0.005819076672196388,0.0,25.902469635009766,167.44227600097656,26.58409881591797,0.1587657481431961,0.04636308776524313,1462209,68864,1463233,67840,9.082991600036621,1.8111268281936646,0.7244507670402527
ShapeNet55,S2G,166,7805,40,True,False,0.008430483750998974,0.0,49.33192443847656,325.8721618652344,17.95677375793457,0.055103737860918045,0.04636308776524313,1462209,68864,1463233,67840,10.824142456054688,0.9020345211029053,0.36081382632255554
ShapeNet55,S2G,167,7822,43,True,False,0.007861236110329628,0.0,54.08374786376953,187.13955688476562,36.76294708251953,0.19644668698310852,0.04636308776524313,1462209,68864,1463233,67840,4.5936150550842285,1.9508157968521118,0.7803263068199158
ShapeNet55,S2G,168,7912,48,True,True,-0.0007519922219216824,0.0007519922219216824,-3.998852014541626,222.715087890625,23.876590728759766,0.10720688104629517,0.04636308776524313,1462209,68864,1463233,67840,32.740169525146484,2.457749128341675,0.983099639415741
ShapeNet55,S2G,169,7935,42,True,False,0.002214996609836817,0.0,16.604902267456055,333.1797180175781,22.500112533569336,0.06753145903348923,0.04636308776524313,1462209,68864,1463233,67840,19.400304794311523,2.1066057682037354,0.8426423072814941
ShapeNet55,S2G,170,8091,14,True,False,0.00210641254670918,0.0,3.2293057441711426,65.94635772705078,23.24742889404297,0.35252028703689575,0.04636308776524313,1462209,68864,1463233,67840,8.517565727233887,0.9590202569961548,0.3836081027984619
ShapeNet55,S2G,171,8142,27,True,True,-0.0006173706497065723,0.0006173706497065723,-1.0774974822998047,353.48486328125,4.937413215637207,0.013967820443212986,0.04636308776524313,1462209,68864,1463233,67840,21.357160568237305,0.15532298386096954,0.062129195779561996
ShapeNet55,S2G,172,8205,10,True,False,0.0023371665738523006,0.0,0.5789654850959778,69.12409210205078,3.5837159156799316,0.05184467136859894,0.04636308776524313,1462209,68864,1463233,67840,10.591954231262207,0.14227159321308136,0.056908637285232544
ShapeNet55,S2G,173,8242,46,True,True,-0.004433095920830965,0.004433095920830965,-8.468351364135742,50.89866638183594,37.53058624267578,0.7373589277267456,0.04636308776524313,1462209,68864,1463233,67840,3.4153027534484863,0.74825119972229,0.29930049180984497
ShapeNet55,S2G,174,8297,8,True,False,0.010235288180410862,0.0,8.768487930297852,60.39435577392578,14.184965133666992,0.23487237095832825,0.04636308776524313,1462209,68864,1463233,67840,6.870386123657227,0.5847986340522766,0.23391945660114288
ShapeNet55,S2G,175,8358,4,True,False,0.00107868283521384,0.0,0.12275312095880508,115.78966522216797,0.9828086495399475,0.008487879298627377,0.04636308776524313,1462209,68864,1463233,67840,9.970677375793457,0.027702247723937035,0.011080899275839329
ShapeNet55,S2G,176,8392,44,True,False,0.0008402263629250228,0.0,0.4496993124485016,134.5313720703125,3.978343963623047,0.02957186847925186,0.04636308776524313,1462209,68864,1463233,67840,3.307710886001587,0.0748399943113327,0.02993599884212017
ShapeNet55,S2G,177,8535,24,True,False,0.00038286246126517653,0.0,7.506358623504639,1206.181640625,16.254507064819336,0.013476002961397171,0.04636308776524313,1462209,68864,1463233,67840,19.21983528137207,1.2646805047988892,0.5058721899986267
ShapeNet55,S2G,178,8608,2,True,False,0.002900294726714492,0.0,5.895421504974365,122.03892517089844,16.656139373779297,0.13648219406604767,0.04636308776524313,1462209,68864,1463233,67840,10.93056583404541,0.9596457481384277,0.3838582932949066
ShapeNet55,S2G,179,8673,37,True,True,-0.0018652145517989993,0.0018652145517989993,-16.80685043334961,204.22593688964844,44.121131896972656,0.21604079008102417,0.04636308776524313,1462209,68864,1463233,67840,11.32451343536377,7.358499050140381,2.943399667739868
ShapeNet55,S2G,180,8742,6,True,True,-0.0002202915638918057,0.0002202915638918057,-1.0599405765533447,97.57513427734375,49.31107711791992,0.5053651928901672,0.04636308776524313,1462209,68864,1463233,67840,10.247780799865723,5.452029705047607,2.180811882019043
ShapeNet55,S2G,181,8749,28,True,True,-6.28103080089204e-05,6.28103080089204e-05,-0.2157873660326004,275.066162109375,12.489870071411133,0.04540678486227989,0.04636308776524313,1462209,68864,1463233,67840,14.5861234664917,0.8948224782943726,0.357928991317749
ShapeNet55,S2G,182,8919,39,True,False,0.0012599228648468852,0.0,8.103337287902832,155.1096649169922,41.46494674682617,0.2673266530036926,0.04636308776524313,1462209,68864,1463233,67840,16.48417854309082,4.481341361999512,1.7925366163253784
ShapeNet55,S2G,183,8928,25,True,False,0.002701315563172102,0.0,6.053929328918457,120.56005859375,18.589107513427734,0.1541896015405655,0.04636308776524313,1462209,68864,1463233,67840,5.453395843505859,3.3397672176361084,1.3359068632125854
ShapeNet55,S2G,184,8930,2,True,True,-0.0014487169682979584,0.0014487169682979584,-10.377364158630371,233.34371948242188,30.69780921936035,0.1315561830997467,0.04636308776524313,1462209,68864,1463233,67840,11.31332778930664,5.8562798500061035,2.3425118923187256
ShapeNet55,S2G,185,8978,46,True,True,-0.00045056419912725687,0.00045056419912725687,-0.12631596624851227,50.36689758300781,5.566168785095215,0.11051244288682938,0.04636308776524313,1462209,68864,1463233,67840,5.917549133300781,0.10760658979415894,0.043042637407779694
ShapeNet55,S2G,186,8993,46,True,False,0.0005133340600878,0.0,0.05629682168364525,28.169044494628906,3.893244743347168,0.13821004331111908,0.04636308776524313,1462209,68864,1463233,67840,6.021054744720459,0.0742800235748291,0.0297120101749897
ShapeNet55,S2G,187,8996,40,True,False,0.004359815269708633,0.0,4.079937934875488,102.59190368652344,9.121628761291504,0.08891177922487259,0.04636308776524313,1462209,68864,1463233,67840,6.3194966316223145,0.2867346405982971,0.11469385772943497
ShapeNet55,S2G,188,9012,25,True,True,-0.0041769868694245815,0.0041769868694245815,-6.3600287437438965,83.43800354003906,18.248706817626953,0.2187097668647766,0.04636308776524313,1462209,68864,1463233,67840,14.230268478393555,3.1088361740112305,1.2435344457626343
ShapeNet55,S2G,189,9050,53,True,False,0.0003909775987267494,0.0,0.04572761803865433,71.69039154052734,1.6314198970794678,0.022756464779376984,0.04636308776524313,1462209,68864,1463233,67840,5.8515520095825195,0.05987149477005005,0.02394859865307808
ShapeNet55,S2G,190,9053,49,True,False,0.00033537327544763684,0.0,0.09720847755670547,278.2198181152344,1.0418078899383545,0.003744549583643675,0.04636308776524313,1462209,68864,1463233,67840,12.82968521118164,0.024453559890389442,0.009781423956155777
ShapeNet55,S2G,191,9146,18,True,True,-0.001465891022235155,0.001465891022235155,-0.06034424528479576,88.14631652832031,0.4670141041278839,0.005298169329762459,0.04636308776524313,1462209,68864,1463233,67840,7.202095031738281,0.009210005402565002,0.0036840022075921297
ShapeNet55,S2G,192,9170,30,True,False,0.002512055914849043,0.0,57.596248626708984,1624.808837890625,14.111157417297363,0.008684811182320118,0.04636308776524313,1462209,68864,1463233,67840,25.80500030517578,0.569835901260376,0.2279343605041504
ShapeNet55,S2G,193,9180,23,True,True,-0.01572577841579914,0.01572577841579914,-0.2131379246711731,446.96441650390625,0.030323242768645287,6.784262950532138e-05,0.04636308776524313,1462209,68864,1463233,67840,15.921182632446289,0.0010503972880542278,0.0004201589326839894
ShapeNet55,S2G,194,9269,25,True,False,0.003065771423280239,0.0,10.040971755981445,244.42559814453125,13.399521827697754,0.05482045188546181,0.04636308776524313,1462209,68864,1463233,67840,14.594376564025879,1.4589729309082031,0.5835891962051392
ShapeNet55,S2G,195,9318,19,True,True,-0.005843941122293472,0.005843941122293472,-1.518031358718872,34.22968292236328,7.588781356811523,0.22170177102088928,0.04636308776524313,1462209,68864,1463233,67840,7.64323091506958,0.21355247497558594,0.08542098850011826
ShapeNet55,S2G,196,9329,9,True,True,-0.004350520204752684,0.004350520204752684,-0.5684712529182434,65.98192596435547,1.9803518056869507,0.0300135500729084,0.04636308776524313,1462209,68864,1463233,67840,3.9878995418548584,0.08450783789157867,0.03380313515663147
ShapeNet55,S2G,197,9418,38,True,False,0.00276440498419106,0.0,2.8942675590515137,42.684242248535156,24.528411865234375,0.5746479630470276,0.04636308776524313,1462209,68864,1463233,67840,10.69465160369873,0.5402909517288208,0.21611638367176056
ShapeNet55,S2G,198,9530,28,True,True,-0.008234054781496525,0.008234054781496525,-71.44857025146484,426.86871337890625,20.327571868896484,0.047620195895433426,0.04636308776524313,1462209,68864,1463233,67840,27.050758361816406,2.281280994415283,0.9125124216079712
ShapeNet55,S2G,199,9531,44,True,True,-0.0007816330180503428,0.0007816330180503428,-0.0577116459608078,58.36552047729492,1.2650398015975952,0.021674437448382378,0.04636308776524313,1462209,68864,1463233,67840,3.9544360637664795,0.033954404294490814,0.013581762090325356
ShapeNet55,S2G,200,9541,39,True,False,9.434394451091066e-05,0.0,0.004541873931884766,285.3271484375,0.1687244176864624,0.0005913366912864149,0.04636308776524313,1462209,68864,1463233,67840,15.98001480102539,0.00431238254532218,0.0017249530646950006
ShapeNet55,S2G,201,9556,28,True,True,-0.0006589922122657299,0.0006589922122657299,-3.5022969245910645,329.64453125,16.122291564941406,0.048908110707998276,0.04636308776524313,1462209,68864,1463233,67840,16.2324275970459,1.6322189569473267,0.6528875827789307
ShapeNet55,S2G,202,9584,11,True,True,-0.002253473037853837,0.002253473037853837,-0.5068506598472595,50.097965240478516,4.489598751068115,0.08961638808250427,0.04636308776524313,1462209,68864,1463233,67840,6.588545322418213,0.1049409806728363,0.04197639226913452
ShapeNet55,S2G,203,9608,48,True,True,-0.0034176830668002367,0.0034176830668002367,-5.458280086517334,65.5155029296875,24.376983642578125,0.37207961082458496,0.04636308776524313,1462209,68864,1463233,67840,11.152596473693848,3.7202842235565186,1.4881137609481812
ShapeNet55,S2G,204,9669,0,True,False,0.0027220414485782385,0.0,0.0073388200253248215,142.95204162597656,0.018859976902604103,0.00013193220365792513,0.04636308776524313,1462209,68864,1463233,67840,5.023874282836914,0.00046659549116156995,0.00018663819355424494
ShapeNet55,S2G,205,9747,0,True,False,0.0026701991446316242,0.0,0.10019899159669876,382.5404968261719,0.09809396415948868,0.0002564276510383934,0.04636308776524313,1462209,68864,1463233,67840,7.96767520904541,0.001985247014090419,0.0007940988289192319
ShapeNet55,S2G,206,9795,18,True,False,0.0005522495484910905,0.0,5.599250793457031,370.5129089355469,27.364730834960938,0.07385634630918503,0.04636308776524313,1462209,68864,1463233,67840,23.634796142578125,0.8236699104309082,0.3294679820537567
ShapeNet55,S2G,207,9938,49,True,False,0.0004885471425950527,0.0,1.534915804862976,282.4256591796875,11.124332427978516,0.03938853368163109,0.04636308776524313,1462209,68864,1463233,67840,9.114433288574219,0.3221146762371063,0.12884587049484253
ShapeNet55,S2G,208,9996,20,True,False,0.00014712988922838122,0.0,0.11075790226459503,155.9259033203125,4.827869892120361,0.030962590128183365,0.04636308776524313,1462209,68864,1463233,67840,4.096095561981201,0.14926579594612122,0.059706319123506546
ShapeNet55,S2G,209,10012,13,True,True,-0.0014080574037507176,0.0014080574037507176,-20.572900772094727,695.6592407226562,21.00286865234375,0.030191317200660706,0.04636308776524313,1462209,68864,1463233,67840,32.874664306640625,0.8567919731140137,0.342716783285141
ShapeNet55,S2G,210,10041,29,True,True,-0.0018283170647919178,0.0018283170647919178,-0.09904728829860687,47.73173141479492,1.1349687576293945,0.023778077214956284,0.04636308776524313,1462209,68864,1463233,67840,1.9997467994689941,0.04325178638100624,0.017300715669989586
ShapeNet55,S2G,211,10085,3,True,False,0.0022236681543290615,0.0,3.7166366577148438,97.34156799316406,17.170455932617188,0.17639386653900146,0.04636308776524313,1462209,68864,1463233,67840,10.640701293945312,1.596016526222229,0.6384066343307495
ShapeNet55,S2G,212,10115,19,True,False,0.006788295228034258,0.0,63.86430740356445,233.78372192382812,40.242340087890625,0.1721349060535431,0.04636308776524313,1462209,68864,1463233,67840,10.29818058013916,4.1458845138549805,1.6583538055419922
ShapeNet55,S2G,213,10220,17,True,True,-3.871424632961862e-05,3.871424632961862e-05,-0.09163209050893784,137.80035400390625,17.176176071166992,0.12464536726474762,0.04636308776524313,1462209,68864,1463233,67840,9.690032958984375,1.6574444770812988,0.6629778146743774
ShapeNet55,S2G,214,10242,4,True,False,0.004013874102383852,0.0,10.903326988220215,64.09821319580078,42.378868103027344,0.6611552238464355,0.04636308776524313,1462209,68864,1463233,67840,9.610825538635254,2.27968168258667,0.9118726849555969
ShapeNet55,S2G,215,10288,37,True,False,0.006604059599339962,0.0,8.941091537475586,112.82267761230469,12.000052452087402,0.10636205971240997,0.04636308776524313,1462209,68864,1463233,67840,16.90105628967285,0.31576499342918396,0.12630599737167358
ShapeNet55,S2G,216,10372,29,True,False,0.007284307386726141,0.0,6.891862392425537,303.2574157714844,3.119872808456421,0.010287869721651077,0.04636308776524313,1462209,68864,1463233,67840,6.258106231689453,0.12849634885787964,0.051398541778326035
ShapeNet55,S2G,217,10449,32,True,True,-0.0024048679042607546,0.0024048679042607546,-13.400064468383789,653.6044921875,8.52512264251709,0.013043243438005447,0.04636308776524313,1462209,68864,1463233,67840,16.2166805267334,0.36850443482398987,0.14740177989006042
ShapeNet55,S2G,218,10471,44,True,False,0.005357738118618727,0.0,6.777803421020508,100.20922088623047,12.6240816116333,0.12597724795341492,0.04636308776524313,1462209,68864,1463233,67840,4.5415120124816895,0.3334848880767822,0.13339395821094513
ShapeNet55,S2G,219,10508,3,True,False,0.007340863812714815,0.0,154.43287658691406,769.498046875,27.339153289794922,0.035528555512428284,0.04636308776524313,1462209,68864,1463233,67840,32.265872955322266,3.0203142166137695,1.2081257104873657
ShapeNet55,OURS,0,1,34,True,False,0.0015115978894755244,0.0,0.9185965061187744,314.3233337402344,1.9333561658859253,0.006150851491838694,0.030135012317863967,1462209,856833,2251202,67840,5.769390106201172,0.328765332698822,0.13150613009929657
ShapeNet55,OURS,1,10,23,True,False,0.000925004540476948,0.0,0.034722134470939636,381.6677551269531,0.09835061430931091,0.000257686449913308,0.030135012317863967,1462209,856833,2251202,67840,18.99359703063965,0.006817059125751257,0.002726823789998889
ShapeNet55,OURS,2,11,48,True,False,0.0016891385894268751,0.0,1.6008186340332031,389.1047058105469,2.435624599456787,0.00625956105068326,0.030135012317863967,1462209,856833,2251202,67840,16.473295211791992,0.31995776295661926,0.12798310816287994
ShapeNet55,OURS,3,14,27,True,True,-0.0013200915418565273,0.0013200915418565273,-3.5665640830993652,482.3556823730469,5.601167678833008,0.011612110771238804,0.030135012317863967,1462209,856833,2251202,67840,27.386734008789062,0.3148442506790161,0.12593770027160645
ShapeNet55,OURS,4,17,23,True,False,0.0010654901852831244,0.0,2.7480406761169434,133.86878967285156,19.266124725341797,0.143917977809906,0.030135012317863967,1462209,856833,2251202,67840,13.62826156616211,9.621447563171387,3.848579168319702
ShapeNet55,OURS,5,38,42,True,False,0.0047471714206039906,0.0,6.712803840637207,124.44715881347656,11.36276626586914,0.09130594879388809,0.030135012317863967,1462209,856833,2251202,67840,11.852280616760254,1.298418641090393,0.5193674564361572
ShapeNet55,OURS,6,43,51,True,True,-0.0006683374522253871,0.0006683374522253871,-0.8016087412834167,164.89080810546875,7.2739481925964355,0.044113729149103165,0.030135012317863967,1462209,856833,2251202,67840,10.83664321899414,4.32993745803833,1.7319749593734741
ShapeNet55,OURS,7,45,17,True,True,-0.004189582541584969,0.004189582541584969,-0.13618695735931396,21.225475311279297,1.531466007232666,0.07215225696563721,0.030135012317863967,1462209,856833,2251202,67840,4.975944519042969,0.9220378994941711,0.368815153837204
ShapeNet55,OURS,8,95,15,True,True,-0.00018377639935351908,0.00018377639935351908,-0.00962415523827076,291.3334655761719,0.17975562810897827,0.0006170098786242306,0.030135012317863967,1462209,856833,2251202,67840,17.17483139038086,0.01201605424284935,0.00480642169713974
ShapeNet55,OURS,9,100,27,True,False,0.0010322732850909233,0.0,9.98017692565918,610.0206298828125,15.848896980285645,0.02598091959953308,0.030135012317863967,1462209,856833,2251202,67840,27.20349884033203,1.451151967048645,0.580460786819458
ShapeNet55,OURS,10,101,51,True,True,-0.0001752294774632901,0.0001752294774632901,-0.15412171185016632,139.3392333984375,6.312236309051514,0.04530121386051178,0.030135012317863967,1462209,856833,2251202,67840,11.32523250579834,2.0095958709716797,0.8038383722305298
ShapeNet55,OURS,11,109,12,True,False,0.00015156948938965797,0.0,0.028310231864452362,167.45558166503906,1.1154035329818726,0.00666089216247201,0.030135012317863967,1462209,856833,2251202,67840,10.383081436157227,0.1396763026714325,0.05587052181363106
ShapeNet55,OURS,12,138,52,True,False,0.005726543255150318,0.0,11.448683738708496,186.14077758789062,10.740426063537598,0.05770055577158928,0.030135012317863967,1462209,856833,2251202,67840,12.025350570678711,3.5998058319091797,1.4399223327636719
ShapeNet55,OURS,13,167,14,True,False,0.006942220963537693,0.0,2.625941753387451,193.78500366210938,1.9519400596618652,0.010072709992527962,0.030135012317863967,1462209,856833,2251202,67840,15.041234970092773,0.20707359910011292,0.08282943814992905
ShapeNet55,OURS,14,212,14,True,False,0.0035519637167453766,0.0,0.3977024555206299,108.42510223388672,1.0326660871505737,0.00952423457056284,0.030135012317863967,1462209,856833,2251202,67840,11.755677223205566,0.11215410381555557,0.04486164078116417
ShapeNet55,OURS,15,216,26,True,False,0.001503325067460537,0.0,0.03993207961320877,302.3617248535156,0.08785009384155273,0.0002905463334172964,0.030135012317863967,1462209,856833,2251202,67840,6.107329368591309,0.0070176078006625175,0.002807043259963393
ShapeNet55,OURS,16,251,52,True,False,0.002334132557734847,0.0,0.2075643241405487,48.59373474121094,1.8299823999404907,0.03765881434082985,0.030135012317863967,1462209,856833,2251202,67840,6.052015781402588,0.11923273652791977,0.04769309610128403
ShapeNet55,OURS,17,349,13,True,True,-0.0012403709115460515,0.0012403709115460515,-3.9376919269561768,211.84046936035156,14.985844612121582,0.07074117660522461,0.030135012317863967,1462209,856833,2251202,67840,20.22115135192871,2.0987162590026855,0.8394865393638611
ShapeNet55,OURS,18,369,14,True,False,0.00180954544339329,0.0,1.8027355670928955,173.57298278808594,5.739583969116211,0.03306726738810539,0.030135012317863967,1462209,856833,2251202,67840,9.52475643157959,0.7492386698722839,0.2996954619884491
ShapeNet55,OURS,19,381,12,True,True,-0.0020431780721992254,0.0020431780721992254,-0.4989596903324127,90.62678527832031,2.6946518421173096,0.029733503237366676,0.030135012317863967,1462209,856833,2251202,67840,13.220629692077637,0.1987818032503128,0.07951272279024124
ShapeNet55,OURS,20,472,45,True,True,-0.0003196211182512343,0.0003196211182512343,-0.002107548527419567,29.31566619873047,0.2249273955821991,0.007672600448131561,0.030135012317863967,1462209,856833,2251202,67840,1.465606927871704,0.0185512974858284,0.007420518901199102
ShapeNet55,OURS,21,505,47,True,False,0.001042175805196166,0.0,0.05460330471396446,188.81874084472656,0.27748075127601624,0.0014695614809170365,0.030135012317863967,1462209,856833,2251202,67840,12.631558418273926,0.031373389065265656,0.012549355626106262
ShapeNet55,OURS,22,540,52,True,False,0.002151391701772809,0.0,1.0642107725143433,97.72749328613281,5.061641693115234,0.051793426275253296,0.030135012317863967,1462209,856833,2251202,67840,15.72966194152832,0.4567127823829651,0.18268512189388275
ShapeNet55,OURS,23,558,8,True,True,-0.00035175803350284696,0.00035175803350284696,-0.25923487544059753,72.20919036865234,10.206031799316406,0.14133979380130768,0.030135012317863967,1462209,856833,2251202,67840,13.416876792907715,1.7271870374679565,0.6908748149871826
ShapeNet55,OURS,24,594,54,True,False,0.004400989972054958,0.0,5.615983963012695,160.82247924804688,7.934667587280273,0.049338050186634064,0.030135012317863967,1462209,856833,2251202,67840,15.31412124633789,0.6500881314277649,0.2600352466106415
ShapeNet55,OURS,25,644,42,True,True,-0.0021477413829416037,0.0021477413829416037,-2.900123119354248,107.09468841552734,12.608589172363281,0.11773309856653214,0.030135012317863967,1462209,856833,2251202,67840,14.016514778137207,1.6163924932479858,0.6465570330619812
ShapeNet55,OURS,26,727,31,True,True,-0.0012968884548172355,0.0012968884548172355,-0.10516830533742905,188.09246826171875,0.43113258481025696,0.0022921310737729073,0.030135012317863967,1462209,856833,2251202,67840,8.248411178588867,0.031009182333946228,0.012403673492372036
ShapeNet55,OURS,27,795,22,True,True,-0.0003776535450015217,0.0003776535450015217,-0.15354682505130768,99.7858657836914,4.0745368003845215,0.04083280637860298,0.030135012317863967,1462209,856833,2251202,67840,9.174351692199707,0.3098950982093811,0.1239580437541008
ShapeNet55,OURS,28,844,50,True,True,-6.646077235927805e-05,6.646077235927805e-05,-0.01871936209499836,36.156639099121094,7.790002346038818,0.21545150876045227,0.030135012317863967,1462209,856833,2251202,67840,5.178427219390869,1.3308770656585693,0.5323508381843567
ShapeNet55,OURS,29,883,9,True,False,0.00038572968333028257,0.0,0.4299371838569641,310.8136901855469,3.586094856262207,0.01153776329010725,0.030135012317863967,1462209,856833,2251202,67840,10.873603820800781,0.5047144889831543,0.20188580453395844
ShapeNet55,OURS,30,898,31,True,False,0.0014421252999454737,0.0,5.284106731414795,185.2479248046875,19.779497146606445,0.10677310824394226,0.030135012317863967,1462209,856833,2251202,67840,11.174864768981934,1.7635735273361206,0.7054294347763062
ShapeNet55,OURS,31,932,9,True,True,-0.0018274883041158319,0.0018274883041158319,-0.5344482064247131,178.85818481445312,1.63509202003479,0.009141835384070873,0.030135012317863967,1462209,856833,2251202,67840,10.416778564453125,0.17461459338665009,0.06984584033489227
ShapeNet55,OURS,32,934,36,True,False,0.0023220900911837816,0.0,1.160474181175232,272.16607666015625,1.8362103700637817,0.006746653933078051,0.030135012317863967,1462209,856833,2251202,67840,13.672952651977539,0.08155661821365356,0.032622646540403366
ShapeNet55,OURS,33,939,37,True,False,0.0016862978227436543,0.0,0.0436856746673584,322.4533386230469,0.08034112304449081,0.00024915579706430435,0.030135012317863967,1462209,856833,2251202,67840,17.75309944152832,0.004875082056969404,0.0019500328926369548
ShapeNet55,OURS,34,954,49,True,False,0.0022797950077801943,0.0,0.014069766737520695,115.4240493774414,0.05346810817718506,0.00046323196147568524,0.030135012317863967,1462209,856833,2251202,67840,14.50668716430664,0.00452553853392601,0.001810215413570404
ShapeNet55,OURS,35,955,5,True,False,0.0021378183737397194,0.0,1.9465160369873047,134.7897186279297,6.7550787925720215,0.0501156821846962,0.030135012317863967,1462209,856833,2251202,67840,10.138014793395996,0.4354439079761505,0.17417757213115692
ShapeNet55,OURS,36,973,5,True,True,-0.0020472959149628878,0.0020472959149628878,-9.373394966125488,473.1790466308594,9.675888061523438,0.020448682829737663,0.030135012317863967,1462209,856833,2251202,67840,14.37705135345459,2.089590549468994,0.8358362317085266
ShapeNet55,OURS,37,1003,15,True,False,0.000569945084862411,0.0,0.4654398560523987,738.5926513671875,1.1056700944900513,0.0014969957992434502,0.030135012317863967,1462209,856833,2251202,67840,22.42096710205078,0.06504515558481216,0.026018062606453896
ShapeNet55,OURS,38,1058,45,True,True,-0.0022136892657727003,0.0022136892657727003,-0.06746093928813934,49.57217025756836,0.6147489547729492,0.012401090003550053,0.030135012317863967,1462209,856833,2251202,67840,1.711434006690979,0.05249723419547081,0.020998893305659294
ShapeNet55,OURS,39,1151,39,True,False,0.003510773181915283,0.0,0.00032885654945857823,81.2479019165039,0.0011528998147696257,1.418990268575726e-05,0.030135012317863967,1462209,856833,2251202,67840,8.000975608825684,5.7338023907504976e-05,2.293520992679987e-05
ShapeNet55,OURS,40,1162,11,True,False,0.005506256595253944,0.0,23.947513580322266,216.2275390625,20.113746643066406,0.0930212065577507,0.030135012317863967,1462209,856833,2251202,67840,16.650144577026367,5.492397308349609,2.1969590187072754
ShapeNet55,OURS,41,1186,24,True,True,-0.005056795198470354,0.005056795198470354,-0.1984139382839203,777.8052368164062,0.050445906817913055,6.485673657152802e-05,0.030135012317863967,1462209,856833,2251202,67840,30.549333572387695,0.0036637343000620604,0.0014654936967417598
ShapeNet55,OURS,42,1226,12,True,False,0.0009055229020304978,0.0,0.18175873160362244,82.21804809570312,2.441342353820801,0.02969350852072239,0.030135012317863967,1462209,856833,2251202,67840,9.029688835144043,0.21471907198429108,0.08588763326406479
ShapeNet55,OURS,43,1351,30,True,True,-0.0018944457406178117,0.0018944457406178117,-0.2537292540073395,142.6840362548828,0.9386700987815857,0.006578662432730198,0.030135012317863967,1462209,856833,2251202,67840,5.76384162902832,0.079767607152462,0.03190704435110092
ShapeNet55,OURS,44,1370,26,True,False,0.0009043075842782855,0.0,0.019869379699230194,238.76963806152344,0.09202143549919128,0.00038539839442819357,0.030135012317863967,1462209,856833,2251202,67840,4.4954729080200195,0.008115176111459732,0.003246070584282279
ShapeNet55,OURS,45,1381,3,True,True,-0.004170337226241827,0.004170337226241827,-5.146237373352051,127.048095703125,9.712934494018555,0.07645084708929062,0.030135012317863967,1462209,856833,2251202,67840,16.000539779663086,4.509754180908203,1.8039016723632812
ShapeNet55,OURS,46,1544,35,True,True,-0.002055112039670348,0.002055112039670348,-1.3552072048187256,121.65415954589844,5.420548439025879,0.044557034969329834,0.030135012317863967,1462209,856833,2251202,67840,12.798768043518066,1.3252099752426147,0.5300840139389038
ShapeNet55,OURS,47,1604,19,True,True,-0.012299717403948307,0.012299717403948307,-0.08387802541255951,39.18104553222656,0.1740512102842331,0.004442229866981506,0.030135012317863967,1462209,856833,2251202,67840,9.724676132202148,0.0120030976831913,0.004801239352673292
ShapeNet55,OURS,48,1665,25,True,True,-0.0013764603063464165,0.0013764603063464165,-0.7324368357658386,79.00231170654297,6.7354512214660645,0.08525638282299042,0.030135012317863967,1462209,856833,2251202,67840,12.305126190185547,1.1622377634048462,0.464895099401474
ShapeNet55,OURS,49,1721,16,True,False,3.852967711281963e-05,0.0,0.0003669109719339758,59.713951110839844,0.15947386622428894,0.002670629881322384,0.030135012317863967,1462209,856833,2251202,67840,9.899864196777344,0.005729205906391144,0.0022916824091225863
ShapeNet55,OURS,50,1748,36,True,False,0.0010285602184012532,0.0,1.3994258642196655,124.29695129394531,10.946106910705566,0.08806416392326355,0.030135012317863967,1462209,856833,2251202,67840,15.274831771850586,0.5576490759849548,0.22305963933467865
ShapeNet55,OURS,51,1764,7,True,False,0.0007123340619727969,0.0,0.9233024716377258,68.08355712890625,19.037857055664062,0.279624879360199,0.030135012317863967,1462209,856833,2251202,67840,14.886070251464844,3.7650275230407715,1.5060110092163086
ShapeNet55,OURS,52,1792,22,True,True,-0.0009108537924475968,0.0009108537924475968,-0.004355507902801037,87.80790710449219,0.054457347840070724,0.0006201872602105141,0.030135012317863967,1462209,856833,2251202,67840,9.376577377319336,0.005509193520992994,0.002203677548095584
ShapeNet55,OURS,53,1854,5,True,False,0.004935267847031355,0.0,38.09638214111328,323.727783203125,23.844764709472656,0.0736568346619606,0.030135012317863967,1462209,856833,2251202,67840,19.833297729492188,3.091952085494995,1.2367808818817139
ShapeNet55,OURS,54,1857,16,True,True,-0.0008705004584044218,0.0008705004584044218,-0.0006957040750421584,77.19120788574219,0.0103535121306777,0.00013412813132163137,0.030135012317863967,1462209,856833,2251202,67840,13.814105987548828,0.0004032037395518273,0.00016128149582073092
ShapeNet55,OURS,55,1872,17,True,True,-0.001595438807271421,0.001595438807271421,-0.05585281178355217,42.23686599731445,0.8288447260856628,0.01962372660636902,0.030135012317863967,1462209,856833,2251202,67840,5.843666076660156,0.8644393086433411,0.3457757234573364
ShapeNet55,OURS,56,2006,4,True,True,-0.0007353682303801179,0.0007353682303801179,-0.281078040599823,125.1030502319336,3.0553019046783447,0.024422282353043556,0.030135012317863967,1462209,856833,2251202,67840,14.687158584594727,0.17107757925987244,0.06843103468418121
ShapeNet55,OURS,57,2009,15,True,False,0.00030803531990386546,0.0,0.003992666956037283,266.1658630371094,0.04869790002703667,0.00018296072084922343,0.030135012317863967,1462209,856833,2251202,67840,13.390602111816406,0.0040996563620865345,0.0016398625448346138
ShapeNet55,OURS,58,2224,12,True,True,-0.0018753863405436277,0.0018753863405436277,-2.017197608947754,143.31822204589844,7.505096435546875,0.05236665904521942,0.030135012317863967,1462209,856833,2251202,67840,12.798989295959473,0.5533587336540222,0.2213435024023056
ShapeNet55,OURS,59,2243,40,True,True,-0.0016524811508134007,0.0016524811508134007,-0.07699894160032272,82.42012023925781,0.565346896648407,0.006859330926090479,0.030135012317863967,1462209,856833,2251202,67840,6.057165622711182,0.07424096018075943,0.029696384444832802
ShapeNet55,OURS,60,2245,6,True,False,0.0012829848565161228,0.0,1.3297761678695679,100.89715576171875,10.272546768188477,0.10181205719709396,0.030135012317863967,1462209,856833,2251202,67840,11.869955062866211,3.2840800285339355,1.3136320114135742
ShapeNet55,OURS,61,2277,15,True,False,0.0014562306459993124,0.0,3.803945302963257,103.0921859741211,25.33835220336914,0.24578344821929932,0.030135012317863967,1462209,856833,2251202,67840,14.855566024780273,4.713537693023682,1.8854150772094727
ShapeNet55,OURS,62,2307,22,True,False,0.0021825418807566166,0.0,35.95732879638672,775.356689453125,21.24825668334961,0.02740449272096157,0.030135012317863967,1462209,856833,2251202,67840,35.955867767333984,5.755483627319336,2.3021934032440186
ShapeNet55,OURS,63,2331,11,True,True,-0.0012789939064532518,0.0012789939064532518,-0.009234266355633736,27.63745880126953,0.2612376809120178,0.009452304802834988,0.030135012317863967,1462209,856833,2251202,67840,5.147228717803955,0.017180778086185455,0.006872311234474182
ShapeNet55,OURS,64,2392,54,True,True,-0.0006630649440921843,0.0006630649440921843,-1.4030050039291382,183.62234497070312,11.523320198059082,0.06275554746389389,0.030135012317863967,1462209,856833,2251202,67840,16.302473068237305,0.9158613681793213,0.36634454131126404
ShapeNet55,OURS,65,2420,38,True,True,-0.0011586188338696957,0.0011586188338696957,-0.010956092737615108,252.17901611328125,0.037497833371162415,0.00014869529695715755,0.030135012317863967,1462209,856833,2251202,67840,26.34415626525879,0.0016035091830417514,0.0006414036615751684
ShapeNet55,OURS,66,2479,42,True,True,-0.0010933413868770003,0.0010933413868770003,-0.8477061986923218,544.1917724609375,1.4247465133666992,0.0026180963031947613,0.030135012317863967,1462209,856833,2251202,67840,22.350419998168945,0.07088606059551239,0.028354424983263016
ShapeNet55,OURS,67,2495,7,True,False,0.0008786858525127172,0.0,2.5645852088928223,199.41314697265625,14.636246681213379,0.07339660078287125,0.030135012317863967,1462209,856833,2251202,67840,8.590034484863281,6.589539051055908,2.6358156204223633
ShapeNet55,OURS,68,2637,16,True,True,-0.0005511653725989163,0.0005511653725989163,-0.0030600959435105324,80.20693969726562,0.06922152638435364,0.0008630366064608097,0.030135012317863967,1462209,856833,2251202,67840,10.80413818359375,0.0032342765480279922,0.0012937106657773256
ShapeNet55,OURS,69,2717,44,True,False,0.003635411849245429,0.0,0.015254693105816841,294.3074645996094,0.014257671311497688,4.844481736654416e-05,0.030135012317863967,1462209,856833,2251202,67840,5.19704008102417,0.0013098479248583317,0.0005239392048679292
ShapeNet55,OURS,70,2732,47,True,True,-0.0014277157606557012,0.0014277157606557012,-0.12357930839061737,49.29716110229492,1.7558284997940063,0.03561723232269287,0.030135012317863967,1462209,856833,2251202,67840,11.118396759033203,0.1702941507101059,0.0681176632642746
ShapeNet55,OURS,71,2793,32,True,False,0.002404968487098813,0.0,0.26863110065460205,129.488037109375,0.8626154661178589,0.006661738734692335,0.030135012317863967,1462209,856833,2251202,67840,14.328922271728516,0.07001492381095886,0.028005970641970634
ShapeNet55,OURS,72,2822,38,True,True,-0.003975542727857828,0.003975542727857828,-0.08179531991481781,695.9063110351562,0.029565230011940002,4.248449840815738e-05,0.030135012317863967,1462209,856833,2251202,67840,33.017791748046875,0.001327943871729076,0.0005311775603331625
ShapeNet55,OURS,73,2904,51,True,True,-0.001890625455416739,0.001890625455416739,-1.0662283897399902,71.79279327392578,7.855319976806641,0.10941655188798904,0.030135012317863967,1462209,856833,2251202,67840,10.907480239868164,2.2551379203796387,0.9020552039146423
ShapeNet55,OURS,74,2906,9,True,False,0.005006282590329647,0.0,9.219915390014648,210.88999938964844,8.732841491699219,0.041409462690353394,0.030135012317863967,1462209,856833,2251202,67840,15.576518058776855,1.1109540462493896,0.44438162446022034
ShapeNet55,OURS,75,2974,28,True,True,-0.0063897306099534035,0.0063897306099534035,-20.27570915222168,381.7939758300781,8.311213493347168,0.021768843755126,0.030135012317863967,1462209,856833,2251202,67840,25.78240203857422,1.107772707939148,0.44310909509658813
ShapeNet55,OURS,76,2997,16,True,True,-0.004171792417764664,0.004171792417764664,-0.00019595600315369666,49.143577575683594,0.0009558045421727002,1.944922587426845e-05,0.030135012317863967,1462209,856833,2251202,67840,11.558609008789062,5.1020273531321436e-05,2.0408109776326455e-05
ShapeNet55,OURS,77,3006,11,True,False,0.0014062843983992934,0.0,0.10030421614646912,65.22360229492188,1.093556523323059,0.016766270622611046,0.030135012317863967,1462209,856833,2251202,67840,7.293447017669678,0.062344130128622055,0.024937652051448822
ShapeNet55,OURS,78,3092,41,True,False,0.003635048633441329,0.0,3.611260414123535,116.43214416503906,8.532487869262695,0.07328291982412338,0.030135012317863967,1462209,856833,2251202,67840,23.77988052368164,0.9421007037162781,0.3768402934074402
ShapeNet55,OURS,79,3107,21,True,True,-0.001685541239567101,0.001685541239567101,-1.5979899168014526,94.9953384399414,9.98004150390625,0.1050582230091095,0.030135012317863967,1462209,856833,2251202,67840,11.368660926818848,1.1084060668945312,0.44336244463920593
ShapeNet55,OURS,80,3179,33,True,True,-0.0007753518875688314,0.0007753518875688314,-0.8807500600814819,69.4185562133789,16.363576889038086,0.2357233762741089,0.030135012317863967,1462209,856833,2251202,67840,8.904537200927734,9.586523056030273,3.834609270095825
ShapeNet55,OURS,81,3182,10,True,True,-8.39357016957365e-05,8.39357016957365e-05,-0.01155559066683054,302.5960388183594,0.4549694061279297,0.001503553707152605,0.030135012317863967,1462209,856833,2251202,67840,10.70638370513916,0.048214226961135864,0.019285691902041435
ShapeNet55,OURS,82,3260,0,True,True,-0.0024788109585642815,0.0024788109585642815,-2.7134995460510254,57.777000427246094,18.94660186767578,0.327926367521286,0.030135012317863967,1462209,856833,2251202,67840,3.415891408920288,4.018218040466309,1.6072872877120972
ShapeNet55,OURS,83,3327,29,True,True,-0.000292059761704877,0.000292059761704877,-1.905047059059143,495.1825866699219,13.172513008117676,0.02660132572054863,0.030135012317863967,1462209,856833,2251202,67840,11.373743057250977,4.766363620758057,1.9065455198287964
ShapeNet55,OURS,84,3334,53,True,True,-0.00434397766366601,0.00434397766366601,-0.19080431759357452,143.91172790527344,0.305213987827301,0.002120841760188341,0.030135012317863967,1462209,856833,2251202,67840,9.621434211730957,0.015562989749014378,0.006225196179002523
ShapeNet55,OURS,85,3339,39,True,True,-0.002189661143347621,0.002189661143347621,-0.2805519104003906,116.203369140625,1.102599024772644,0.009488528594374657,0.030135012317863967,1462209,856833,2251202,67840,12.357311248779297,0.03669724985957146,0.014678900130093098
ShapeNet55,OURS,86,3379,6,True,True,-0.0028015701100230217,0.0028015701100230217,-0.49446043372154236,107.67730712890625,1.6391016244888306,0.015222350135445595,0.030135012317863967,1462209,856833,2251202,67840,8.672327995300293,0.1599653959274292,0.0639861598610878
ShapeNet55,OURS,87,3411,24,True,False,0.008215418085455894,0.0,1.616878628730774,1050.3997802734375,0.1873670071363449,0.00017837685300037265,0.030135012317863967,1462209,856833,2251202,67840,42.72410202026367,0.013315914198756218,0.00532636558637023
ShapeNet55,OURS,88,3485,29,True,False,0.0040590716525912285,0.0,0.0208892785012722,75.74429321289062,0.06794332712888718,0.0008970092167146504,0.030135012317863967,1462209,856833,2251202,67840,3.880201578140259,0.00386040355078876,0.0015441614668816328
ShapeNet55,OURS,89,3493,52,True,False,0.004068600945174694,0.0,1.7746191024780273,29.746919631958008,14.66283893585205,0.49291956424713135,0.030135012317863967,1462209,856833,2251202,67840,6.501466751098633,1.7861582040786743,0.7144632935523987
ShapeNet55,OURS,90,3547,8,True,True,-0.004618024453520775,0.004618024453520775,-0.23909929394721985,122.24824523925781,0.4235253632068634,0.0034644699189811945,0.030135012317863967,1462209,856833,2251202,67840,16.837665557861328,0.0417478121817112,0.01669912599027157
ShapeNet55,OURS,91,3625,13,True,False,0.003610295942053199,0.0,6.994130611419678,196.402099609375,9.863812446594238,0.05022254213690758,0.030135012317863967,1462209,856833,2251202,67840,15.299493789672852,0.7847323417663574,0.3138929307460785
ShapeNet55,OURS,92,3676,51,True,True,-0.0005212437827140093,0.0005212437827140093,-0.8237846493721008,82.7923583984375,19.088972091674805,0.2305644154548645,0.030135012317863967,1462209,856833,2251202,67840,5.491607666015625,7.370524883270264,2.9482100009918213
ShapeNet55,OURS,93,3713,3,True,False,8.519059338141233e-05,0.0,0.09791003167629242,99.28034210205078,11.576367378234863,0.1166028156876564,0.030135012317863967,1462209,856833,2251202,67840,16.946441650390625,2.218588352203369,0.8874353766441345
ShapeNet55,OURS,94,3734,23,True,True,-0.001028206548653543,0.001028206548653543,-0.5702217817306519,1298.8250732421875,0.42698514461517334,0.00032874723547138274,0.030135012317863967,1462209,856833,2251202,67840,34.73208999633789,0.0321991853415966,0.012879674322903156
ShapeNet55,OURS,95,3769,30,True,True,-0.00023135278024710715,0.00023135278024710715,-0.05352801829576492,790.2723999023438,0.2927720546722412,0.0003704697883222252,0.030135012317863967,1462209,856833,2251202,67840,9.661887168884277,0.04977351054549217,0.01990940421819687
ShapeNet55,OURS,96,3823,37,True,False,0.0092803705483675,0.0,5.312264919281006,100.49669647216797,5.695903778076172,0.056677524000406265,0.030135012317863967,1462209,856833,2251202,67840,10.779196739196777,0.400290310382843,0.16011612117290497
ShapeNet55,OURS,97,4025,21,True,True,-0.002193265128880739,0.002193265128880739,-2.014681816101074,141.40310668945312,6.49615478515625,0.04594067856669426,0.030135012317863967,1462209,856833,2251202,67840,14.896268844604492,1.005386233329773,0.40215450525283813
ShapeNet55,OURS,98,4059,45,True,True,-0.0019730976782739162,0.0019730976782739162,-3.85364031791687,97.19476318359375,20.094615936279297,0.20674587786197662,0.030135012317863967,1462209,856833,2251202,67840,8.153907775878906,5.019633769989014,2.0078535079956055
ShapeNet55,OURS,99,4084,30,True,True,-0.0003594335576053709,0.0003594335576053709,-0.6433769464492798,2999.72900390625,0.5967121124267578,0.00019892200361937284,0.030135012317863967,1462209,856833,2251202,67840,14.549982070922852,0.07400418817996979,0.029601676389575005
ShapeNet55,OURS,100,4127,26,True,True,-0.004370231181383133,0.004370231181383133,-0.1341249942779541,58.75516128540039,0.5223472118377686,0.008890235796570778,0.030135012317863967,1462209,856833,2251202,67840,2.13212513923645,0.035628899931907654,0.014251559972763062
ShapeNet55,OURS,101,4185,50,True,False,0.0003216578916180879,0.0,0.008012184873223305,34.446075439453125,0.723131000995636,0.020993132144212723,0.030135012317863967,1462209,856833,2251202,67840,5.918553352355957,0.6529027819633484,0.26116111874580383
ShapeNet55,OURS,102,4214,53,True,True,-0.0006366369198076427,0.0006366369198076427,-4.302052974700928,408.18145751953125,16.555055618286133,0.04055807739496231,0.030135012317863967,1462209,856833,2251202,67840,26.307153701782227,1.4909642934799194,0.5963857173919678
ShapeNet55,OURS,103,4235,49,True,True,-0.00012199903721921146,0.00012199903721921146,-0.01281923707574606,114.83907318115234,0.9149894714355469,0.007967580109834671,0.030135012317863967,1462209,856833,2251202,67840,10.034385681152344,0.056840021163225174,0.02273600921034813
ShapeNet55,OURS,104,4243,41,True,False,0.005436454433947802,0.0,22.364004135131836,232.4556121826172,17.696760177612305,0.07612963020801544,0.030135012317863967,1462209,856833,2251202,67840,13.644166946411133,3.8500943183898926,1.540037751197815
ShapeNet55,OURS,105,4342,10,True,True,-0.009971964173018932,0.009971964173018932,-0.47826650738716125,100.53470611572266,0.4770602583885193,0.004745229613035917,0.030135012317863967,1462209,856833,2251202,67840,9.100820541381836,0.06248155236244202,0.024992620572447777
ShapeNet55,OURS,106,4463,47,True,True,-0.0009153243154287338,0.0009153243154287338,-0.025262176990509033,84.617431640625,0.3261639177799225,0.0038545711431652308,0.030135012317863967,1462209,856833,2251202,67840,11.114354133605957,0.027554165571928024,0.01102166622877121
ShapeNet55,OURS,107,4535,1,True,True,-0.006138034164905548,0.006138034164905548,-22.65239715576172,215.84420776367188,17.09796714782715,0.07921438664197922,0.030135012317863967,1462209,856833,2251202,67840,20.099018096923828,3.4397525787353516,1.3759011030197144
ShapeNet55,OURS,108,4541,18,True,False,0.003062668489292264,0.0,0.04053845629096031,115.45391082763672,0.11464591324329376,0.0009930015075951815,0.030135012317863967,1462209,856833,2251202,67840,10.096298217773438,0.009351616725325584,0.003740646643564105
ShapeNet55,OURS,109,4595,48,True,False,0.0026058044750243425,0.0,3.3794872760772705,273.2785339355469,4.745734691619873,0.017365925014019012,0.030135012317863967,1462209,856833,2251202,67840,15.60561466217041,0.49333900213241577,0.1973356008529663
ShapeNet55,OURS,110,4599,43,True,False,0.003415407845750451,0.0,2.4019694328308105,63.63121032714844,11.052351951599121,0.17369388043880463,0.030135012317863967,1462209,856833,2251202,67840,8.623754501342773,4.504709720611572,1.8018839359283447
ShapeNet55,OURS,111,4765,47,True,True,-0.0018106265924870968,0.0018106265924870968,-0.0960259884595871,152.38925170898438,0.34802109003067017,0.002283764071762562,0.030135012317863967,1462209,856833,2251202,67840,9.564120292663574,0.038964688777923584,0.015585876069962978
ShapeNet55,OURS,112,4785,10,True,True,-0.0026704787742346525,0.0026704787742346525,-0.4197007715702057,133.68260192871094,1.175643801689148,0.008794291876256466,0.030135012317863967,1462209,856833,2251202,67840,19.212217330932617,0.11158660799264908,0.04463464394211769
ShapeNet55,OURS,113,4800,35,True,True,-0.0007239429396577179,0.0007239429396577179,-0.3974963128566742,137.96243286132812,3.979861259460449,0.028847428038716316,0.030135012317863967,1462209,856833,2251202,67840,17.986122131347656,0.3614017963409424,0.14456072449684143
ShapeNet55,OURS,114,4860,0,True,False,0.0018177976598963141,0.0,0.0017007621936500072,55.60689163208008,0.016825556755065918,0.0003025804180651903,0.030135012317863967,1462209,856833,2251202,67840,3.4238245487213135,0.0015687552513554692,0.0006275021005421877
ShapeNet55,OURS,115,5054,41,True,False,0.000635347911156714,0.0,3.9655158519744873,649.77001953125,9.605687141418457,0.014783211052417755,0.030135012317863967,1462209,856833,2251202,67840,49.4532356262207,1.6621241569519043,0.6648496985435486
ShapeNet55,OURS,116,5143,7,True,False,0.0036974919494241476,0.0,24.790637969970703,281.4617004394531,23.821063995361328,0.08463340997695923,0.030135012317863967,1462209,856833,2251202,67840,24.313528060913086,7.71804141998291,3.08721661567688
ShapeNet55,OURS,117,5168,2,True,True,-0.0014857618371024728,0.0014857618371024728,-1.2204550504684448,64.68093872070312,12.699782371520996,0.19634504616260529,0.030135012317863967,1462209,856833,2251202,67840,9.476411819458008,1.7379493713378906,0.6951797604560852
ShapeNet55,OURS,118,5185,21,True,True,-0.0008085433510132134,0.0008085433510132134,-1.345996379852295,213.5577850341797,7.795162677764893,0.03650142252445221,0.030135012317863967,1462209,856833,2251202,67840,15.068618774414062,1.887263536453247,0.7549054026603699
ShapeNet55,OURS,119,5188,45,True,False,0.000671017391141504,0.0,1.3642185926437378,220.19288635253906,9.233086585998535,0.04193181172013283,0.030135012317863967,1462209,856833,2251202,67840,15.199315071105957,2.137369394302368,0.8549477458000183
ShapeNet55,OURS,120,5239,4,True,True,-2.0136973034823313e-05,2.0136973034823313e-05,-0.00028679982642643154,159.66299438476562,0.08920320123434067,0.0005586968036368489,0.030135012317863967,1462209,856833,2251202,67840,8.311605453491211,0.004863930866122246,0.001945572323165834
ShapeNet55,OURS,121,5255,22,True,False,0.0008064999128691852,0.0,0.6354683637619019,200.89376831054688,3.922140598297119,0.01952345483005047,0.030135012317863967,1462209,856833,2251202,67840,15.688788414001465,0.31503111124038696,0.12601244449615479
ShapeNet55,OURS,122,5310,31,True,False,0.0034298859536647797,0.0,0.14247801899909973,89.78984069824219,0.46263766288757324,0.005152449943125248,0.030135012317863967,1462209,856833,2251202,67840,10.06247329711914,0.029371263459324837,0.011748505756258965
ShapeNet55,OURS,123,5347,46,True,False,0.006496814079582691,0.0,0.0034290626645088196,197.0594940185547,0.0026784136425703764,1.3591903552878648e-05,0.030135012317863967,1462209,856833,2251202,67840,10.182491302490234,0.0001586549769854173,6.346199370454997e-05
ShapeNet55,OURS,124,5442,34,True,True,-0.0010030936682596803,0.0010030936682596803,-6.6316680908203125,560.0284423828125,11.80514144897461,0.021079538390040398,0.030135012317863967,1462209,856833,2251202,67840,20.504045486450195,3.838273286819458,1.5353093147277832
ShapeNet55,OURS,125,5475,33,True,False,0.003233930328860879,0.0,10.440457344055176,238.1754150390625,13.554763793945312,0.05691084265708923,0.030135012317863967,1462209,856833,2251202,67840,7.750432968139648,3.9230704307556152,1.569228172302246
ShapeNet55,OURS,126,5485,1,True,False,7.288582128239796e-05,0.0,0.16442221403121948,143.0584259033203,15.768993377685547,0.11022764444351196,0.030135012317863967,1462209,856833,2251202,67840,17.75993537902832,2.3505640029907227,0.9402256011962891
ShapeNet55,OURS,127,5547,35,True,False,0.002774960594251752,0.0,6.143928050994873,168.76348876953125,13.119304656982422,0.07773781567811966,0.030135012317863967,1462209,856833,2251202,67840,10.413613319396973,1.8195106983184814,0.7278043031692505
ShapeNet55,OURS,128,5564,26,True,False,0.0009786916198208928,0.0,0.0007611491018906236,36.328208923339844,0.021408185362815857,0.0005892992485314608,0.030135012317863967,1462209,856833,2251202,67840,2.4518826007843018,0.0017313265707343817,0.000692530651576817
ShapeNet55,OURS,129,5580,27,True,False,0.0030880856793373823,0.0,18.410560607910156,647.9539184570312,9.200968742370605,0.014200035482645035,0.030135012317863967,1462209,856833,2251202,67840,34.64177322387695,0.8203641176223755,0.3281456530094147
ShapeNet55,OURS,130,5623,1,True,True,-0.0018565573263913393,0.0018565573263913393,-0.8398565053939819,125.14684295654297,3.6147379875183105,0.028883973136544228,0.030135012317863967,1462209,856833,2251202,67840,10.944659233093262,0.7369227409362793,0.2947691082954407
ShapeNet55,OURS,131,5649,5,True,False,0.003365329233929515,0.0,0.902773916721344,133.30838012695312,2.012305736541748,0.015095118433237076,0.030135012317863967,1462209,856833,2251202,67840,15.186903953552246,0.10123961418867111,0.040495846420526505
ShapeNet55,OURS,132,5714,20,True,True,-0.0003122940834145993,0.0003122940834145993,-0.04701380431652069,48.7059211730957,3.0908637046813965,0.06345970928668976,0.030135012317863967,1462209,856833,2251202,67840,5.218202114105225,0.31866690516471863,0.12746676802635193
ShapeNet55,OURS,133,5875,20,True,True,-0.0015577725134789944,0.0015577725134789944,-2.659534215927124,404.7707824707031,4.217862129211426,0.010420371778309345,0.030135012317863967,1462209,856833,2251202,67840,6.789186000823975,0.29956015944480896,0.11982406675815582
ShapeNet55,OURS,134,5888,34,True,False,0.0019636028446257114,0.0,35.62935256958008,2400.207763671875,7.559715270996094,0.003149608615785837,0.030135012317863967,1462209,856833,2251202,67840,46.348506927490234,3.5177717208862305,1.4071086645126343
ShapeNet55,OURS,135,5987,35,True,True,-2.7652726203086786e-05,2.7652726203086786e-05,-0.015745865181088448,103.07443237304688,5.524304389953613,0.05359529331326485,0.030135012317863967,1462209,856833,2251202,67840,10.757179260253906,0.783116340637207,0.31324654817581177
ShapeNet55,OURS,136,6004,13,True,False,0.001316000591032207,0.0,10.777276992797852,548.4871826171875,14.930916786193848,0.02722199819982052,0.030135012317863967,1462209,856833,2251202,67840,32.675437927246094,3.706352710723877,1.4825410842895508
ShapeNet55,OURS,137,6053,43,True,False,0.0035869344137609005,0.0,3.260404109954834,70.19004821777344,12.950079917907715,0.18450023233890533,0.030135012317863967,1462209,856833,2251202,67840,6.301706790924072,3.0696797370910645,1.2278718948364258
ShapeNet55,OURS,138,6065,8,True,True,-0.0012383806752040982,0.0012383806752040982,-4.752854347229004,365.91259765625,10.488731384277344,0.02866458147764206,0.030135012317863967,1462209,856833,2251202,67840,16.94367027282715,1.1226154565811157,0.44904619455337524
ShapeNet55,OURS,139,6228,1,True,True,-0.00018240009376313537,0.00018240009376313537,-0.06524960696697235,143.74497985839844,2.488629102706909,0.017312807962298393,0.030135012317863967,1462209,856833,2251202,67840,10.951972961425781,0.38805094361305237,0.1552203744649887
ShapeNet55,OURS,140,6275,53,True,True,-0.00042712557478807867,0.00042712557478807867,-0.373901903629303,327.1249084472656,2.6760146617889404,0.0081804059445858,0.030135012317863967,1462209,856833,2251202,67840,12.352712631225586,0.14264748990535736,0.057058997452259064
ShapeNet55,OURS,141,6279,7,True,True,-0.0025070486590266228,0.0025070486590266228,-2.6269373893737793,226.5601806640625,4.624910831451416,0.020413609221577644,0.030135012317863967,1462209,856833,2251202,67840,19.586711883544922,0.22822552919387817,0.09129021316766739
ShapeNet55,OURS,142,6312,21,True,True,-0.0036321403458714485,0.0036321403458714485,-1.0786974430084229,66.04542541503906,4.4967041015625,0.06808502227067947,0.030135012317863967,1462209,856833,2251202,67840,11.846649169921875,0.650059163570404,0.26002368330955505
ShapeNet55,OURS,143,6339,36,True,False,0.0008670127135701478,0.0,0.002214487176388502,85.91287231445312,0.029729627072811127,0.00034604393295012414,0.030135012317863967,1462209,856833,2251202,67840,12.920692443847656,0.00120936194434762,0.000483744777739048
ShapeNet55,OURS,144,6543,32,True,False,0.0014467232394963503,0.0,0.0040845503099262714,213.32882690429688,0.01323455199599266,6.203827069839463e-05,0.030135012317863967,1462209,856833,2251202,67840,16.962190628051758,0.0012415089877322316,0.0004966036067344248
ShapeNet55,OURS,145,6590,19,True,False,0.004034809302538633,0.0,0.015437128953635693,64.76029205322266,0.05907921493053436,0.0009122752817347646,0.030135012317863967,1462209,856833,2251202,67840,14.881795883178711,0.003908615093678236,0.00156344601418823
ShapeNet55,OURS,146,6628,6,True,False,0.0015240928623825312,0.0,0.04953514412045479,93.1468734741211,0.3489263355731964,0.0037459800951182842,0.030135012317863967,1462209,856833,2251202,67840,5.484188079833984,0.027699116617441177,0.011079646646976471
ShapeNet55,OURS,147,6648,33,True,True,-0.00021385309810284525,0.00021385309810284525,-0.8559573888778687,265.0028991699219,15.103791236877441,0.05699481442570686,0.030135012317863967,1462209,856833,2251202,67840,16.32244300842285,3.089235782623291,1.2356942892074585
ShapeNet55,OURS,148,6752,24,True,True,-0.0011433566687628627,0.0011433566687628627,-38.67207717895508,7328.55224609375,4.6152753829956055,0.0006297663203440607,0.030135012317863967,1462209,856833,2251202,67840,96.44979858398438,0.47870269417762756,0.1914810836315155
ShapeNet55,OURS,149,6761,17,True,True,-0.0025933797005563974,0.0025933797005563974,-0.17823953926563263,80.98049926757812,0.8487063646316528,0.010480379685759544,0.030135012317863967,1462209,856833,2251202,67840,8.462719917297363,0.8890977501869202,0.35563910007476807
ShapeNet55,OURS,150,6817,38,True,False,0.006495192646980286,0.0,2.1241202354431152,63.62185287475586,5.140208721160889,0.08079313486814499,0.030135012317863967,1462209,856833,2251202,67840,6.607229709625244,0.3775416612625122,0.15101666748523712
ShapeNet55,OURS,151,6998,18,True,False,0.0019345333566889167,0.0,1.2201251983642578,411.7905578613281,1.5316226482391357,0.0037194215692579746,0.030135012317863967,1462209,856833,2251202,67840,14.207345962524414,0.10367267578840256,0.04146907106041908
ShapeNet55,OURS,152,7119,36,True,True,-0.0012647603871300817,0.0012647603871300817,-0.0065774498507380486,69.8942642211914,0.0744059607386589,0.0010645503643900156,0.030135012317863967,1462209,856833,2251202,67840,8.86629867553711,0.003912652377039194,0.0015650609275326133
ShapeNet55,OURS,153,7138,54,True,True,-0.00044070344301871955,0.00044070344301871955,-1.0375398397445679,250.47325134277344,9.399332046508789,0.037526290863752365,0.030135012317863967,1462209,856833,2251202,67840,23.75090789794922,1.0079140663146973,0.40316563844680786
ShapeNet55,OURS,154,7156,50,True,True,-0.0002628928632475436,0.0002628928632475436,-0.008325068280100822,39.18491744995117,0.8081464767456055,0.020623916760087013,0.030135012317863967,1462209,856833,2251202,67840,5.807675838470459,0.5852979421615601,0.23411917686462402
ShapeNet55,OURS,155,7184,20,True,False,0.001673427177593112,0.0,1.4704946279525757,71.42462921142578,12.302931785583496,0.17225055396556854,0.030135012317863967,1462209,856833,2251202,67840,4.495821952819824,1.8283816576004028,0.731352686882019
ShapeNet55,OURS,156,7245,2,True,False,0.0035802838392555714,0.0,0.8182175755500793,229.39100646972656,0.996265172958374,0.0043430873192846775,0.030135012317863967,1462209,856833,2251202,67840,10.511409759521484,0.07949063181877136,0.031796254217624664
ShapeNet55,OURS,157,7265,41,True,False,0.0016439418541267514,0.0,2.5349185466766357,222.19557189941406,6.939723491668701,0.031232500448822975,0.030135012317863967,1462209,856833,2251202,67840,24.398170471191406,2.906309127807617,1.162523627281189
ShapeNet55,OURS,158,7287,54,True,True,-0.0012262269156053662,0.0012262269156053662,-1.0654642581939697,208.57249450683594,4.165920734405518,0.01997349038720131,0.030135012317863967,1462209,856833,2251202,67840,21.262393951416016,0.31459560990333557,0.1258382499217987
ShapeNet55,OURS,159,7480,33,True,False,0.0008781697251833975,0.0,3.8381025791168213,319.5603942871094,13.676820755004883,0.04279886186122894,0.030135012317863967,1462209,856833,2251202,67840,19.099275588989258,4.3004069328308105,1.7201627492904663
ShapeNet55,OURS,160,7569,31,True,False,0.0026161326095461845,0.0,0.0032792140264064074,31.693992614746094,0.03954877704381943,0.0012478319695219398,0.030135012317863967,1462209,856833,2251202,67840,5.898260593414307,0.003333846339955926,0.0013335385592654347
ShapeNet55,OURS,161,7602,40,True,True,-6.44124302198179e-05,6.44124302198179e-05,-0.0028495474252849817,75.5736312866211,0.5853773355484009,0.007745787966996431,0.030135012317863967,1462209,856833,2251202,67840,4.7735981941223145,0.06156405434012413,0.024625621736049652
ShapeNet55,OURS,162,7642,43,True,False,0.0031114269513636827,0.0,2.0890841484069824,43.7506217956543,15.346596717834473,0.3507743775844574,0.030135012317863967,1462209,856833,2251202,67840,7.374255180358887,3.680708885192871,1.4722836017608643
ShapeNet55,OURS,163,7699,34,True,True,-0.00852266512811184,0.00852266512811184,-23.881479263305664,261.0682067871094,10.733263969421387,0.04111287370324135,0.030135012317863967,1462209,856833,2251202,67840,7.802449703216553,5.281450271606445,2.1125800609588623
ShapeNet55,OURS,164,7700,50,True,True,-0.002972749760374427,0.002972749760374427,-0.18741191923618317,43.91440963745117,1.4355945587158203,0.03269074112176895,0.030135012317863967,1462209,856833,2251202,67840,5.279746055603027,0.6952504515647888,0.2781001925468445
ShapeNet55,OURS,165,7768,32,True,True,-0.0010449589462950826,0.0010449589462950826,-0.9481515884399414,203.51620483398438,4.458405494689941,0.021906882524490356,0.030135012317863967,1462209,856833,2251202,67840,9.284078598022461,0.7261336445808411,0.2904534637928009
ShapeNet55,OURS,166,7805,40,True,True,-6.76828931318596e-05,6.76828931318596e-05,-0.15024954080581665,476.0147705078125,4.663519859313965,0.009797006845474243,0.030135012317863967,1462209,856833,2251202,67840,12.990142822265625,0.5145777463912964,0.20583109557628632
ShapeNet55,OURS,167,7822,43,True,True,-0.005398465320467949,0.005398465320467949,-7.722783088684082,252.6602020263672,5.661958694458008,0.022409381344914436,0.030135012317863967,1462209,856833,2251202,67840,4.871737957000732,0.6215528249740601,0.2486211359500885
ShapeNet55,OURS,168,7912,48,True,False,0.0028443802148103714,0.0,12.00615406036377,288.1748352050781,14.64738941192627,0.05082813650369644,0.030135012317863967,1462209,856833,2251202,67840,35.78228759765625,2.5257973670959473,1.0103189945220947
ShapeNet55,OURS,169,7935,42,True,False,4.212547719362192e-05,0.0,0.1148475855588913,313.0157470703125,8.709853172302246,0.027825606986880302,0.030135012317863967,1462209,856833,2251202,67840,19.450557708740234,0.8476706147193909,0.3390682637691498
ShapeNet55,OURS,170,8091,14,True,True,-0.002212588209658861,0.002212588209658861,-3.11082124710083,106.91097259521484,13.150799751281738,0.12300701439380646,0.030135012317863967,1462209,856833,2251202,67840,8.350024223327637,3.481133460998535,1.3924534320831299
ShapeNet55,OURS,171,8142,27,True,False,0.00011908858868991956,0.0,0.009547024965286255,215.71096801757812,0.3716427683830261,0.0017228737706318498,0.030135012317863967,1462209,856833,2251202,67840,19.94451141357422,0.024303367361426353,0.009721347130835056
ShapeNet55,OURS,172,8205,10,True,True,-0.0009093859698623419,0.0009093859698623419,-0.08940492570400238,414.0155029296875,0.2374633401632309,0.0005735614686273038,0.030135012317863967,1462209,856833,2251202,67840,12.233951568603516,0.03349994868040085,0.013399980030953884
ShapeNet55,OURS,173,8242,46,True,False,0.003239396261051297,0.0,0.004516972694545984,53.42195129394531,0.02610139176249504,0.0004885892849415541,0.030135012317863967,1462209,856833,2251202,67840,3.4255735874176025,0.0014980534324422479,0.0005992213846184313
ShapeNet55,OURS,174,8297,8,True,False,0.0006913846009410918,0.0,0.10443475097417831,58.67826843261719,2.5742342472076416,0.04387031868100166,0.030135012317863967,1462209,856833,2251202,67840,6.956832408905029,0.3965308666229248,0.15861235558986664
ShapeNet55,OURS,175,8358,4,True,False,0.0013094759779050946,0.0,0.0009688575519248843,113.00639343261719,0.006547256838530302,5.793704622192308e-05,0.030135012317863967,1462209,856833,2251202,67840,9.146570205688477,0.00037853704998269677,0.00015141481708269566
ShapeNet55,OURS,176,8392,44,True,False,0.002284412272274494,0.0,0.01278083398938179,93.77400207519531,0.05966261401772499,0.0006362383137457073,0.030135012317863967,1462209,856833,2251202,67840,3.047372817993164,0.004760360810905695,0.0019041443010792136
ShapeNet55,OURS,177,8535,24,True,False,0.0007154023624025285,0.0,0.4014566242694855,875.1929931640625,0.6411865949630737,0.0007326230988837779,0.030135012317863967,1462209,856833,2251202,67840,16.424854278564453,0.08130651712417603,0.03252260759472847
ShapeNet55,OURS,178,8608,2,True,False,0.005483218934386969,0.0,7.372372627258301,120.72587585449219,11.137079238891602,0.09225097298622131,0.030135012317863967,1462209,856833,2251202,67840,11.495214462280273,1.3282651901245117,0.5313060879707336
ShapeNet55,OURS,179,8673,37,True,True,-0.004540564492344856,0.004540564492344856,-33.204627990722656,318.76953125,22.940980911254883,0.07196729630231857,0.030135012317863967,1462209,856833,2251202,67840,14.12272834777832,9.793522834777832,3.9174091815948486
ShapeNet55,OURS,180,8742,6,True,True,-0.00037896670983172953,0.00037896670983172953,-1.97115957736969,308.57708740234375,16.856098175048828,0.054625242948532104,0.030135012317863967,1462209,856833,2251202,67840,12.082578659057617,4.963691711425781,1.9854767322540283
ShapeNet55,OURS,181,8749,28,True,True,-0.002141898963600397,0.002141898963600397,-1.0321190357208252,122.30712890625,3.9398438930511475,0.03221270814538002,0.030135012317863967,1462209,856833,2251202,67840,12.776472091674805,0.7017921805381775,0.2807168662548065
ShapeNet55,OURS,182,8919,39,True,False,0.001816414762288332,0.0,4.67337703704834,130.6529541015625,19.692306518554688,0.15072225034236908,0.030135012317863967,1462209,856833,2251202,67840,15.94475269317627,3.626948833465576,1.4507795572280884
ShapeNet55,OURS,183,8928,25,True,False,0.00227606319822371,0.0,3.0807018280029297,101.24555206298828,13.368706703186035,0.13204240798950195,0.030135012317863967,1462209,856833,2251202,67840,5.932859420776367,5.183891773223877,2.073556661605835
ShapeNet55,OURS,184,8930,2,True,False,0.0011455322382971644,0.0,4.398488998413086,262.7144775390625,14.615449905395508,0.05563244968652725,0.030135012317863967,1462209,856833,2251202,67840,10.297382354736328,6.215197563171387,2.486078977584839
ShapeNet55,OURS,185,8978,46,True,False,0.002334185875952244,0.0,0.0022239452227950096,70.0660629272461,0.01359818410128355,0.00019407660875003785,0.030135012317863967,1462209,856833,2251202,67840,5.918576717376709,0.0007282227743417025,0.00029128912137821317
ShapeNet55,OURS,186,8993,46,True,False,0.0010966970585286617,0.0,0.24938218295574188,31.780248641967773,7.1551947593688965,0.22514596581459045,0.030135012317863967,1462209,856833,2251202,67840,6.271852493286133,0.38278335332870483,0.15311335027217865
ShapeNet55,OURS,187,8996,40,True,True,-0.001560501754283905,0.001560501754283905,-0.1587868332862854,133.6524658203125,0.7613304853439331,0.005696344655007124,0.030135012317863967,1462209,856833,2251202,67840,6.444046974182129,0.05875333398580551,0.023501334711909294
ShapeNet55,OURS,188,9012,25,True,False,0.0007222849526442587,0.0,0.5023209452629089,81.10348510742188,8.574981689453125,0.10572889447212219,0.030135012317863967,1462209,856833,2251202,67840,15.222508430480957,1.2517683506011963,0.5007073283195496
ShapeNet55,OURS,189,9050,53,True,False,0.0015961963217705488,0.0,0.0016733472002670169,54.10087966918945,0.019377397373318672,0.00035817158641293645,0.030135012317863967,1462209,856833,2251202,67840,6.103426456451416,0.0011399445356801152,0.00045597783173434436
ShapeNet55,OURS,190,9053,49,True,False,0.003166705835610628,0.0,0.6301981210708618,274.38238525390625,0.725292444229126,0.00264336378313601,0.030135012317863967,1462209,856833,2251202,67840,11.752974510192871,0.04773825407028198,0.019095301628112793
ShapeNet55,OURS,191,9146,18,True,True,-0.0004974807379767299,0.0004974807379767299,-0.0007417264278046787,72.20045471191406,0.020650357007980347,0.0002860142267309129,0.030135012317863967,1462209,856833,2251202,67840,7.018548965454102,0.001566374790854752,0.0006265499396249652
ShapeNet55,OURS,192,9170,30,True,True,-0.00433626351878047,0.00433626351878047,-4.108860015869141,1204.729736328125,0.786531388759613,0.0006528695812448859,0.030135012317863967,1462209,856833,2251202,67840,29.934656143188477,0.08133168518543243,0.032532673329114914
ShapeNet55,OURS,193,9180,23,True,True,-0.003144609509035945,0.003144609509035945,-0.015637943521142006,306.685302734375,0.016215112060308456,5.287215390126221e-05,0.030135012317863967,1462209,856833,2251202,67840,17.673419952392578,0.001334729720838368,0.0005338918999768794
ShapeNet55,OURS,194,9269,25,True,True,-0.0033056875690817833,0.0033056875690817833,-0.9256887435913086,199.18438720703125,1.4058787822723389,0.00705817760899663,0.030135012317863967,1462209,856833,2251202,67840,14.200949668884277,0.11984995007514954,0.047939982265233994
ShapeNet55,OURS,195,9318,19,True,False,6.842087168479338e-05,0.0,0.028077848255634308,75.3363265991211,5.447167873382568,0.07230466604232788,0.030135012317863967,1462209,856833,2251202,67840,7.9846625328063965,0.3326283395290375,0.133051335811615
ShapeNet55,OURS,196,9329,9,True,False,0.002102772705256939,0.0,0.04888095706701279,59.17897415161133,0.39280763268470764,0.00663762167096138,0.030135012317863967,1462209,856833,2251202,67840,4.086331844329834,0.03595048934221268,0.0143801961094141
ShapeNet55,OURS,197,9418,38,True,True,-0.0023459680378437042,0.0023459680378437042,-0.2418294996023178,246.5829315185547,0.41804608702659607,0.0016953569138422608,0.030135012317863967,1462209,856833,2251202,67840,11.140506744384766,0.020127108320593834,0.008050843141973019
ShapeNet55,OURS,198,9530,28,True,False,0.001295717665925622,0.0,4.829573154449463,428.48553466796875,8.698857307434082,0.020301401615142822,0.030135012317863967,1462209,856833,2251202,67840,26.87093162536621,3.5056862831115723,1.402274489402771
ShapeNet55,OURS,199,9531,44,True,False,0.00249882903881371,0.0,0.0054017286747694016,31.162736892700195,0.06936823576688766,0.0022259994875639677,0.030135012317863967,1462209,856833,2251202,67840,4.150064468383789,0.006761173252016306,0.0027044692542403936
ShapeNet55,OURS,200,9541,39,True,False,0.0028543751686811447,0.0,0.0021160049363970757,234.4202423095703,0.0031623542308807373,1.3490107448888011e-05,0.030135012317863967,1462209,856833,2251202,67840,13.951348304748535,0.00015293381875380874,6.117353041190654e-05
ShapeNet55,OURS,201,9556,28,True,True,-0.00018109740631189197,0.00018109740631189197,-0.261834055185318,198.2151336669922,7.294190883636475,0.036799363791942596,0.030135012317863967,1462209,856833,2251202,67840,15.707719802856445,2.2065069675445557,0.8826028108596802
ShapeNet55,OURS,202,9584,11,True,True,-0.005763874389231205,0.005763874389231205,-1.7678765058517456,52.6710205078125,5.823253631591797,0.11055896431207657,0.030135012317863967,1462209,856833,2251202,67840,6.678788661956787,0.41135162115097046,0.16454064846038818
ShapeNet55,OURS,203,9608,48,True,True,-0.0019283471629023552,0.0019283471629023552,-3.72680926322937,168.384521484375,11.47756576538086,0.06816282868385315,0.030135012317863967,1462209,856833,2251202,67840,11.375290870666504,2.6848955154418945,1.0739582777023315
ShapeNet55,OURS,204,9669,0,True,False,0.0030320030637085438,0.0,0.0005733435391448438,144.98876953125,0.001304220175370574,8.99531823961297e-06,0.030135012317863967,1462209,856833,2251202,67840,4.918198108673096,0.0001209901092806831,4.839604298467748e-05
ShapeNet55,OURS,205,9747,0,True,False,0.00182296650018543,0.0,0.0004506527620833367,429.78076171875,0.0005751966964453459,1.3383490795604303e-06,0.030135012317863967,1462209,856833,2251202,67840,8.042632102966309,4.875540980719961e-05,1.9502163922879845e-05
ShapeNet55,OURS,206,9795,18,True,True,-0.0048825545236468315,0.0048825545236468315,-4.2891011238098145,167.11766052246094,5.2565016746521,0.031453896313905716,0.030135012317863967,1462209,856833,2251202,67840,20.59653091430664,0.39933985471725464,0.15973594784736633
ShapeNet55,OURS,207,9938,49,True,False,0.011961073614656925,0.0,0.4914814233779907,169.0572967529297,0.24305415153503418,0.0014377027982845902,0.030135012317863967,1462209,856833,2251202,67840,8.893280029296875,0.017662500962615013,0.007065000478178263
ShapeNet55,OURS,208,9996,20,True,False,9.733899059938267e-05,0.0,0.02859274297952652,243.80227661132812,1.2048451900482178,0.004941894672811031,0.030135012317863967,1462209,856833,2251202,67840,4.288313388824463,0.1023753210902214,0.04095013067126274
ShapeNet55,OURS,209,10012,13,True,False,0.0021530985832214355,0.0,6.444528102874756,1015.7106323242188,2.9468443393707275,0.0029012637678533792,0.030135012317863967,1462209,856833,2251202,67840,34.065372467041016,0.25071313977241516,0.10028525441884995
ShapeNet55,OURS,210,10041,29,True,True,-1.6970567230600864e-05,1.6970567230600864e-05,-6.476239377661841e-06,40.86098098754883,0.00933937355875969,0.00022856458963360637,0.030135012317863967,1462209,856833,2251202,67840,2.0178606510162354,0.00040618274942971766,0.0001624731085030362
ShapeNet55,OURS,211,10085,3,True,False,7.89000914664939e-05,0.0,0.050907202064991,68.64165496826172,9.399699211120605,0.13693870604038239,0.030135012317863967,1462209,856833,2251202,67840,10.4412260055542,1.2196660041809082,0.4878664016723633
ShapeNet55,OURS,212,10115,19,True,False,0.0005395989282988012,0.0,1.3003467321395874,181.21473693847656,13.29825210571289,0.07338394224643707,0.030135012317863967,1462209,856833,2251202,67840,10.428217887878418,5.534736633300781,2.2138946056365967
ShapeNet55,OURS,213,10220,17,True,True,-0.0005105177406221628,0.0005105177406221628,-0.09445147961378098,121.01124572753906,1.528875708580017,0.012634161859750748,0.030135012317863967,1462209,856833,2251202,67840,9.20148754119873,0.9983769059181213,0.39935076236724854
ShapeNet55,OURS,214,10242,4,True,True,-0.0011685517383739352,0.0011685517383739352,-0.40095552802085876,48.76517105102539,7.036205291748047,0.14428751170635223,0.030135012317863967,1462209,856833,2251202,67840,9.776447296142578,0.5590860247612,0.22363440692424774
ShapeNet55,OURS,215,10288,37,True,True,-0.0007361434400081635,0.0007361434400081635,-0.12627561390399933,176.2286376953125,0.9733757972717285,0.0055233691819012165,0.030135012317863967,1462209,856833,2251202,67840,17.04322624206543,0.04880204051733017,0.019520817324519157
ShapeNet55,OURS,216,10372,29,True,True,-0.0014781224308535457,0.0014781224308535457,-0.8612441420555115,231.97752380371094,2.5117127895355225,0.010827396996319294,0.030135012317863967,1462209,856833,2251202,67840,7.522604465484619,0.1604939103126526,0.06419756263494492
ShapeNet55,OURS,217,10449,32,True,False,0.001075705629773438,0.0,0.05258777365088463,158.68002319335938,0.3080839514732361,0.0019415421411395073,0.030135012317863967,1462209,856833,2251202,67840,15.988053321838379,0.026041245087981224,0.01041649840772152
ShapeNet55,OURS,218,10471,44,True,False,0.002019972773268819,0.0,0.9589627385139465,119.2181625366211,3.9821150302886963,0.03340191766619682,0.030135012317863967,1462209,856833,2251202,67840,4.905691623687744,0.3963375985622406,0.15853504836559296
ShapeNet55,OURS,219,10508,3,True,False,0.009431608021259308,0.0,142.86819458007812,1060.339111328125,14.285815238952637,0.013472873717546463,0.030135012317863967,1462209,856833,2251202,67840,31.39252281188965,4.877810955047607,1.9511244297027588
